<?xml version = '1.0' encoding = 'UTF-8'?>
<relationalModel class="oracle.dbtools.crest.model.design.relational.RelationalDesign" name="Relational_1" id="E54C842B-830A-6018-74D2-0C3DF1475CB6" mainViewID="91B41240-A08F-9A93-11F9-FDF1B253970F">
<createdBy>logonrmlocal</createdBy>
<createdTime>2019-09-30 12:31:55 UTC</createdTime>
<ownerDesignName>TALVEZ_SUCESSO</ownerDesignName>
<shouldBeOpen>false</shouldBeOpen>
<selectedRDBMSSite>32076570-2523-435C-2E92-BF29817DFF70</selectedRDBMSSite>
</relationalModel>