<?xml version = '1.0' encoding = 'UTF-8'?>
<Diagram class="oracle.dbtools.crest.swingui.relational.DPVRelational" name="Relational_1" id="AACD8865-E74F-69C4-C120-062AC1639CBA">
<createdBy>Leonard</createdBy>
<modifiedBy>Leonard</modifiedBy>
<createdTime>2019-10-05 16:49:28 UTC</createdTime>
<autoRoute>false</autoRoute>
<boxInbox>true</boxInbox>
<showLegend>false</showLegend>
<showLabels>false</showLabels>
<showRelAttributes>false</showRelAttributes>
<gridEnabled>false</gridEnabled>
<showGrid>false</showGrid>
<diagramColor>-1</diagramColor>
<display>false</display>
<notation>1</notation>
<objectViews>
<OView class="oracle.dbtools.crest.swingui.relational.TVTable" oid="218A678C-9567-A5AF-F117-4DB43C21BD3D" otype="Table" vid="DE90A921-6BEA-4C1F-89C3-AE38CCBE5802">
<hideElementsInCurrentOnly>false</hideElementsInCurrentOnly>
<bounds x="10" y="37" width="226" height="154"/>
</OView>
<OView class="oracle.dbtools.crest.swingui.relational.TVTable" oid="4C32988E-45C6-6D18-5EFA-FB02BE39F8F5" otype="Table" vid="62DEABFB-E305-9D40-FCC8-89238AA50AF8">
<hideElementsInCurrentOnly>false</hideElementsInCurrentOnly>
<bounds x="688" y="393" width="319" height="175"/>
</OView>
<OView class="oracle.dbtools.crest.swingui.relational.TVTable" oid="5643CECB-544F-8D71-5B27-1A569D32E137" otype="Table" vid="5AA7C40C-5625-B937-F0A1-8C48F1C86EE0">
<hideElementsInCurrentOnly>false</hideElementsInCurrentOnly>
<bounds x="330" y="159" width="259" height="136"/>
</OView>
<OView class="oracle.dbtools.crest.swingui.relational.TVTable" oid="D6CCDAA3-B4FE-3E46-7425-EDCFAF58C188" otype="Table" vid="DADC9A29-617C-C3DC-0422-BDCF50C181B5">
<hideElementsInCurrentOnly>false</hideElementsInCurrentOnly>
<bounds x="659" y="10" width="325" height="149"/>
</OView>
<OView class="oracle.dbtools.crest.swingui.relational.TVTable" oid="DC6FE0B4-C46E-6DB0-3B5E-8D4C70854BA0" otype="Table" vid="FE8DE697-9A0C-4DDE-395A-B8E288F6A4B4">
<hideElementsInCurrentOnly>false</hideElementsInCurrentOnly>
<bounds x="151" y="365" width="291" height="147"/>
<useCustomFormat>true</useCustomFormat>
<useDefaultColor>false</useDefaultColor>
<backgroundColor>-154</backgroundColor>
<foregroundColor>-16776961</foregroundColor>
<fonts itemClass="oracle.dbtools.crest.model.design.FontObjectWr">
<FontObject>
<foType>Título</foType>
<fontStyle>1</fontStyle>
<colorRGB>-16776961</colorRGB>
</FontObject>
<FontObject>
<foType>Coluna</foType>
<colorRGB>-16777216</colorRGB>
</FontObject>
<FontObject>
<foType>NOT NULL</foType>
<colorRGB>-65536</colorRGB>
</FontObject>
<FontObject>
<foType>Elemento da Chave Primária</foType>
<colorRGB>-16776961</colorRGB>
</FontObject>
<FontObject>
<foType>Tipo de dados</foType>
<colorRGB>-16744448</colorRGB>
</FontObject>
<FontObject>
<foType>Chave</foType>
<colorRGB>-16777216</colorRGB>
</FontObject>
</fonts>
</OView>
</objectViews>
<connectors>
<Connector class="oracle.dbtools.crest.swingui.relational.TVFKRelation" oid="37A1737E-F78C-5DF1-06FF-E455B080F6E0" otype="FKIndexAssociation" vid_source="5AA7C40C-5625-B937-F0A1-8C48F1C86EE0" vid_target="FE8DE697-9A0C-4DDE-395A-B8E288F6A4B4">
<hideElementsInCurrentOnly>false</hideElementsInCurrentOnly>
<backgroundColor>-16777216</backgroundColor>
<lineWidth>1</lineWidth>
<points>
<point x="486" y="295"/>
<point x="486" y="421"/>
<point x="442" y="421"/>
</points>
</Connector>
<Connector class="oracle.dbtools.crest.swingui.relational.TVFKRelation" oid="556809F4-F681-60F8-4BFA-D32BF819EDE3" otype="FKIndexAssociation" vid_source="FE8DE697-9A0C-4DDE-395A-B8E288F6A4B4" vid_target="62DEABFB-E305-9D40-FCC8-89238AA50AF8">
<hideElementsInCurrentOnly>false</hideElementsInCurrentOnly>
<backgroundColor>-16777216</backgroundColor>
<lineWidth>1</lineWidth>
<points>
<point x="442" y="467"/>
<point x="688" y="467"/>
</points>
</Connector>
<Connector class="oracle.dbtools.crest.swingui.relational.TVFKRelation" oid="83E94B6C-38E5-BEA1-DBC0-1CA7C59A7531" otype="FKIndexAssociation" vid_source="DADC9A29-617C-C3DC-0422-BDCF50C181B5" vid_target="62DEABFB-E305-9D40-FCC8-89238AA50AF8">
<hideElementsInCurrentOnly>false</hideElementsInCurrentOnly>
<backgroundColor>-16777216</backgroundColor>
<lineWidth>1</lineWidth>
<points>
<point x="899" y="159"/>
<point x="899" y="294"/>
<point x="899" y="393"/>
</points>
</Connector>
<Connector class="oracle.dbtools.crest.swingui.relational.TVFKRelation" oid="D34F6079-725B-C0D1-6DCE-36E35A5FF1FE" otype="FKIndexAssociation" vid_source="DE90A921-6BEA-4C1F-89C3-AE38CCBE5802" vid_target="FE8DE697-9A0C-4DDE-395A-B8E288F6A4B4">
<hideElementsInCurrentOnly>false</hideElementsInCurrentOnly>
<backgroundColor>-16777216</backgroundColor>
<lineWidth>1</lineWidth>
<points>
<point x="96" y="191"/>
<point x="96" y="434"/>
<point x="151" y="434"/>
</points>
</Connector>
<Connector class="oracle.dbtools.crest.swingui.relational.TVFKRelation" oid="EA2E6C65-17DC-41FD-0E33-D0B6E128F0F2" otype="FKIndexAssociation" vid_source="5AA7C40C-5625-B937-F0A1-8C48F1C86EE0" vid_target="DADC9A29-617C-C3DC-0422-BDCF50C181B5">
<hideElementsInCurrentOnly>false</hideElementsInCurrentOnly>
<backgroundColor>-16777216</backgroundColor>
<lineWidth>1</lineWidth>
<points>
<point x="589" y="241"/>
<point x="809" y="241"/>
<point x="809" y="159"/>
</points>
</Connector>
</connectors>
</Diagram>