<?xml version = '1.0' encoding = 'UTF-8'?>
<Table class="oracle.dbtools.crest.model.design.relational.Table" directorySegmentName="seg_0" id="D6CCDAA3-B4FE-3E46-7425-EDCFAF58C188" name="T_CHATBOT_CONTEUDO">
<createdBy>Leonard</createdBy>
<createdTime>2019-10-05 16:49:28 UTC</createdTime>
<generatorID>5BD16281-DC3B-0FAF-8D94-593C477CC7B2</generatorID>
<ownerDesignName>CHATBOT_FABIA</ownerDesignName>
<allowColumnReorder>false</allowColumnReorder>
<existDependencyGenerateInDDl>true</existDependencyGenerateInDDl>
<parsed>true</parsed>
<columns itemClass="oracle.dbtools.crest.model.design.relational.Column">
<Column name="cd_conteudo" id="A21C7F04-BD20-5A30-7EAB-939026EE3536">
<createdBy>Leonard</createdBy>
<createdTime>2019-10-05 16:49:28 UTC</createdTime>
<generatorID>080C32F6-9728-BCDB-195A-364FE0CB894E</generatorID>
<ownerDesignName>CHATBOT_FABIA</ownerDesignName>
<useDomainConstraints>false</useDomainConstraints>
<use>1</use>
<logicalDatatype>LOGDT019</logicalDatatype>
<dataTypePrecision>3</dataTypePrecision>
<ownDataTypeParameters>,3,</ownDataTypeParameters>
<autoIncrementCycle>false</autoIncrementCycle>
</Column>
<Column name="cd_disciplina" id="411B8FBF-6E95-8EFE-EBCD-FFDA1CE59CA5">
<createdBy>Leonard</createdBy>
<createdTime>2019-10-05 16:49:28 UTC</createdTime>
<generatorID>48C78BE3-59EF-EB30-B4D4-A02D4F5E3B92</generatorID>
<ownerDesignName>CHATBOT_FABIA</ownerDesignName>
<useDomainConstraints>false</useDomainConstraints>
<use>1</use>
<logicalDatatype>LOGDT019</logicalDatatype>
<dataTypePrecision>2</dataTypePrecision>
<ownDataTypeParameters>,,</ownDataTypeParameters>
<previousColumn>false</previousColumn>
<autoIncrementCycle>false</autoIncrementCycle>
<associations>
<colAssociation fkAssociation="EA2E6C65-17DC-41FD-0E33-D0B6E128F0F2" referredColumn="CD5370B6-7F12-E057-2861-C8A3616E01A8"/>
</associations>
</Column>
<Column name="ds_titulo" id="4A1DFB97-B81F-8C81-3E95-174A643A4B66">
<createdBy>Leonard</createdBy>
<createdTime>2019-10-05 16:49:28 UTC</createdTime>
<generatorID>9E013424-C832-B8D1-F45E-B6755F207F80</generatorID>
<ownerDesignName>CHATBOT_FABIA</ownerDesignName>
<useDomainConstraints>false</useDomainConstraints>
<use>1</use>
<logicalDatatype>LOGDT024</logicalDatatype>
<dataTypeSize>80</dataTypeSize>
<ownDataTypeParameters>80,,</ownDataTypeParameters>
<autoIncrementCycle>false</autoIncrementCycle>
</Column>
<Column name="lc_conteudo" id="E73ABC25-1351-B9E2-61EE-C273475E42C4">
<createdBy>Leonard</createdBy>
<createdTime>2019-10-05 16:49:28 UTC</createdTime>
<generatorID>CDEAA87A-CCFC-EC11-96C0-C43287BAAEF7</generatorID>
<ownerDesignName>CHATBOT_FABIA</ownerDesignName>
<useDomainConstraints>false</useDomainConstraints>
<use>1</use>
<logicalDatatype>LOGDT024</logicalDatatype>
<dataTypeSize>50</dataTypeSize>
<ownDataTypeParameters>50,,</ownDataTypeParameters>
<autoIncrementCycle>false</autoIncrementCycle>
</Column>
</columns>
<indexes itemClass="oracle.dbtools.crest.model.design.relational.Index">
<ind_PK_UK id="8FA2DDCD-F0C2-F550-B3CE-FBEDE352F909" name="PK_CONTEUDO">
<createdBy>Leonard</createdBy>
<createdTime>2019-10-05 16:49:28 UTC</createdTime>
<generatorID>6639830F-C151-7E30-7566-59D9A1A20605</generatorID>
<ownerDesignName>CHATBOT_FABIA</ownerDesignName>
<pk>true</pk>
<indexState>Primary Constraint</indexState>
<isSurrogateKey>false</isSurrogateKey>
<indexColumnUsage>
<colUsage columnID="A21C7F04-BD20-5A30-7EAB-939026EE3536"/>
</indexColumnUsage>
</ind_PK_UK>
<ind_PK_UK id="D4AE54A8-1D7D-B46B-F033-6A13B42727B8" name="FK_CONTEUDO_DISC">
<createdBy>Leonard</createdBy>
<createdTime>2019-10-05 16:49:28 UTC</createdTime>
<generatorID>67743DD2-2F90-3200-188A-DBAE76ECDFB8</generatorID>
<ownerDesignName>CHATBOT_FABIA</ownerDesignName>
<indexState>Foreign Key</indexState>
<isSurrogateKey>false</isSurrogateKey>
<indexColumnUsage>
<colUsage columnID="411B8FBF-6E95-8EFE-EBCD-FFDA1CE59CA5"/>
</indexColumnUsage>
</ind_PK_UK>
</indexes>
</Table>