<?xml version = '1.0' encoding = 'UTF-8'?>
<Diagram class="oracle.dbtools.crest.swingui.logical.DPVLogical" name="Logical" id="785B284B-710C-C8D8-28CF-FFD7954B0EBF">
<createdBy>logonrmlocal</createdBy>
<modifiedBy>logonrmlocal</modifiedBy>
<createdTime>2019-09-30 12:32:06 UTC</createdTime>
<autoRoute>false</autoRoute>
<boxInbox>true</boxInbox>
<showLegend>false</showLegend>
<showLabels>false</showLabels>
<showRelAttributes>false</showRelAttributes>
<gridEnabled>false</gridEnabled>
<showGrid>false</showGrid>
<diagramColor>-1</diagramColor>
<display>false</display>
<notation>2</notation>
<objectViews>
<OView class="oracle.dbtools.crest.swingui.logical.TVEntity" oid="448DC3C0-AE9B-FE0F-0A60-B88FF8022F94" otype="Entity" vid="5F142148-E520-AB6E-ED0C-F2E8F1F95160">
<hideElementsInCurrentOnly>false</hideElementsInCurrentOnly>
<bounds x="151" y="365" width="291" height="139"/>
<useCustomFormat>true</useCustomFormat>
<useDefaultColor>false</useDefaultColor>
<backgroundColor>-154</backgroundColor>
<foregroundColor>-16776961</foregroundColor>
<fonts itemClass="oracle.dbtools.crest.model.design.FontObjectWr">
<FontObject>
<foType>Título</foType>
<fontStyle>1</fontStyle>
<colorRGB>-16776961</colorRGB>
</FontObject>
<FontObject>
<foType>Atributo</foType>
<colorRGB>-16777216</colorRGB>
</FontObject>
<FontObject>
<foType>Tipo de dados</foType>
<colorRGB>-16744448</colorRGB>
</FontObject>
<FontObject>
<foType>Elemento da Chave Primária</foType>
<colorRGB>-16776961</colorRGB>
</FontObject>
<FontObject>
<foType>Elemento da Chave Estrangeira</foType>
<colorRGB>-16777216</colorRGB>
</FontObject>
<FontObject>
<foType>Elemento de Chave Exclusiva</foType>
<colorRGB>-16776961</colorRGB>
</FontObject>
<FontObject>
<foType>NOT NULL</foType>
<colorRGB>-65536</colorRGB>
</FontObject>
<FontObject>
<foType>Chave</foType>
<colorRGB>-16777216</colorRGB>
</FontObject>
<FontObject>
<foType>Comentários</foType>
<colorRGB>-12566464</colorRGB>
</FontObject>
<FontObject>
<foType>Title</foType>
<fontStyle>1</fontStyle>
<colorRGB>-16776961</colorRGB>
</FontObject>
<FontObject>
<foType>Attribute</foType>
<colorRGB>-16777216</colorRGB>
</FontObject>
<FontObject>
<foType>Datatype</foType>
<colorRGB>-16744448</colorRGB>
</FontObject>
<FontObject>
<foType>FK Element</foType>
<colorRGB>-16777216</colorRGB>
</FontObject>
<FontObject>
<foType>Key</foType>
<colorRGB>-16777216</colorRGB>
</FontObject>
<FontObject>
<foType>PK Element</foType>
<colorRGB>-16776961</colorRGB>
</FontObject>
</fonts>
</OView>
<OView class="oracle.dbtools.crest.swingui.logical.TVEntity" oid="466E111A-3F5C-E5E3-E8FF-AF1BC2778D7A" otype="Entity" vid="E33DD4CE-9E5F-DEEF-766B-D802E06C46E0">
<hideElementsInCurrentOnly>false</hideElementsInCurrentOnly>
<bounds x="688" y="393" width="319" height="175"/>
</OView>
<OView class="oracle.dbtools.crest.swingui.logical.TVEntity" oid="5BD16281-DC3B-0FAF-8D94-593C477CC7B2" otype="Entity" vid="F5F51CDE-5033-9D69-C13E-8B7CBC2BC678">
<hideElementsInCurrentOnly>false</hideElementsInCurrentOnly>
<bounds x="659" y="10" width="325" height="149"/>
</OView>
<OView class="oracle.dbtools.crest.swingui.logical.TVEntity" oid="72429E9A-D6EB-31D9-6B16-AFFC8D04BAC6" otype="Entity" vid="982159ED-248D-228C-530D-C0CB4F0D2FA3">
<hideElementsInCurrentOnly>false</hideElementsInCurrentOnly>
<bounds x="10" y="37" width="226" height="154"/>
</OView>
<OView class="oracle.dbtools.crest.swingui.logical.TVEntity" oid="A6275559-2148-9D47-29A3-027E63FB9C8D" otype="Entity" vid="BE8516DD-50B7-E70D-5433-3F2F5B73EC46">
<hideElementsInCurrentOnly>false</hideElementsInCurrentOnly>
<bounds x="330" y="159" width="259" height="136"/>
</OView>
</objectViews>
<connectors>
<Connector class="oracle.dbtools.crest.swingui.logical.TVRelation" oid="076E45F2-7006-C5E8-FE0E-F474589AA24A" otype="Relation" vid_source="982159ED-248D-228C-530D-C0CB4F0D2FA3" vid_target="5F142148-E520-AB6E-ED0C-F2E8F1F95160">
<hideElementsInCurrentOnly>false</hideElementsInCurrentOnly>
<backgroundColor>-16777216</backgroundColor>
<lineWidth>1</lineWidth>
<points>
<point x="96" y="191"/>
<point x="96" y="434"/>
<point x="151" y="434"/>
</points>
</Connector>
<Connector class="oracle.dbtools.crest.swingui.logical.TVRelation" oid="3760811E-1C57-E611-6CF6-715627112835" otype="Relation" vid_source="F5F51CDE-5033-9D69-C13E-8B7CBC2BC678" vid_target="E33DD4CE-9E5F-DEEF-766B-D802E06C46E0">
<hideElementsInCurrentOnly>false</hideElementsInCurrentOnly>
<backgroundColor>-16777216</backgroundColor>
<lineWidth>1</lineWidth>
<points>
<point x="899" y="159"/>
<point x="899" y="294"/>
<point x="899" y="393"/>
</points>
</Connector>
<Connector class="oracle.dbtools.crest.swingui.logical.TVRelation" oid="67743DD2-2F90-3200-188A-DBAE76ECDFB8" otype="Relation" vid_source="BE8516DD-50B7-E70D-5433-3F2F5B73EC46" vid_target="F5F51CDE-5033-9D69-C13E-8B7CBC2BC678">
<hideElementsInCurrentOnly>false</hideElementsInCurrentOnly>
<backgroundColor>-16777216</backgroundColor>
<lineWidth>1</lineWidth>
<points>
<point x="589" y="241"/>
<point x="809" y="241"/>
<point x="809" y="159"/>
</points>
</Connector>
<Connector class="oracle.dbtools.crest.swingui.logical.TVRelation" oid="C8F7C5E1-418C-B36A-01D0-79ACD1B2E9D8" otype="Relation" vid_source="5F142148-E520-AB6E-ED0C-F2E8F1F95160" vid_target="E33DD4CE-9E5F-DEEF-766B-D802E06C46E0">
<hideElementsInCurrentOnly>false</hideElementsInCurrentOnly>
<backgroundColor>-16777216</backgroundColor>
<lineWidth>1</lineWidth>
<points>
<point x="442" y="474"/>
<point x="688" y="474"/>
</points>
</Connector>
<Connector class="oracle.dbtools.crest.swingui.logical.TVRelation" oid="CE6F5CB3-BF98-1775-D93F-E85A855B6292" otype="Relation" vid_source="BE8516DD-50B7-E70D-5433-3F2F5B73EC46" vid_target="5F142148-E520-AB6E-ED0C-F2E8F1F95160">
<hideElementsInCurrentOnly>false</hideElementsInCurrentOnly>
<backgroundColor>-16777216</backgroundColor>
<lineWidth>1</lineWidth>
<points>
<point x="486" y="295"/>
<point x="486" y="421"/>
<point x="442" y="421"/>
</points>
</Connector>
</connectors>
</Diagram>