<?xml version = '1.0' encoding = 'UTF-8'?>
<FKIndexAssociation class="oracle.dbtools.crest.model.design.relational.FKIndexAssociation" directorySegmentName="seg_0" id="37A1737E-F78C-5DF1-06FF-E455B080F6E0" containerWithKeyObject="DC6FE0B4-C46E-6DB0-3B5E-8D4C70854BA0" localFKIndex="70795C74-011F-297D-D1F6-8E62D468447E" name="FK_MATRIC_DISC">
<createdBy>Leonard</createdBy>
<createdTime>2019-10-05 16:49:28 UTC</createdTime>
<generatorID>CE6F5CB3-BF98-1775-D93F-E85A855B6292</generatorID>
<ownerDesignName>CHATBOT_FABIA</ownerDesignName>
<referredTableLongName>T_CHATBOT_DISCIPLINA</referredTableLongName>
<deleteRule>NO ACTION</deleteRule>
<referredTableID>5643CECB-544F-8D71-5B27-1A569D32E137</referredTableID>
<keyObject>7BDC0F76-E973-EFE3-B6F1-685B9EDA3193</keyObject>
<referredKeyID>7BDC0F76-E973-EFE3-B6F1-685B9EDA3193</referredKeyID>
<mandatory>true</mandatory>
<refColNames>cd_disciplina</refColNames>
<transferable>true</transferable>
<rely>false</rely>
<columnDependencyConstraintGenerateInDDL>true</columnDependencyConstraintGenerateInDDL>
</FKIndexAssociation>