<?xml version = '1.0' encoding = 'UTF-8'?>
<FKIndexAssociation class="oracle.dbtools.crest.model.design.relational.FKIndexAssociation" directorySegmentName="seg_0" id="EA2E6C65-17DC-41FD-0E33-D0B6E128F0F2" containerWithKeyObject="D6CCDAA3-B4FE-3E46-7425-EDCFAF58C188" localFKIndex="D4AE54A8-1D7D-B46B-F033-6A13B42727B8" name="FK_CONTEUDO_DISC">
<createdBy>Leonard</createdBy>
<createdTime>2019-10-05 16:49:28 UTC</createdTime>
<generatorID>67743DD2-2F90-3200-188A-DBAE76ECDFB8</generatorID>
<ownerDesignName>CHATBOT_FABIA</ownerDesignName>
<referredTableLongName>T_CHATBOT_DISCIPLINA</referredTableLongName>
<deleteRule>NO ACTION</deleteRule>
<referredTableID>5643CECB-544F-8D71-5B27-1A569D32E137</referredTableID>
<keyObject>7BDC0F76-E973-EFE3-B6F1-685B9EDA3193</keyObject>
<referredKeyID>7BDC0F76-E973-EFE3-B6F1-685B9EDA3193</referredKeyID>
<mandatory>true</mandatory>
<refColNames>cd_disciplina</refColNames>
<transferable>true</transferable>
<rely>false</rely>
<columnDependencyConstraintGenerateInDDL>true</columnDependencyConstraintGenerateInDDL>
</FKIndexAssociation>