<?xml version = '1.0' encoding = 'UTF-8'?>
<relationalModel class="oracle.dbtools.crest.model.design.relational.RelationalDesign" name="Relational_1" id="5D8F3A90-0F1F-F6F5-532D-CC83D1F932B9" mainViewID="AACD8865-E74F-69C4-C120-062AC1639CBA">
<createdBy>Leonard</createdBy>
<createdTime>2019-10-05 16:49:14 UTC</createdTime>
<ownerDesignName>CHATBOT_FABIA</ownerDesignName>
<shouldBeOpen>false</shouldBeOpen>
<selectedRDBMSSite>32076570-2523-435C-2E92-BF29817DFF70</selectedRDBMSSite>
</relationalModel>