<?xml version = '1.0' encoding = 'UTF-8'?>
<Table class="oracle.dbtools.crest.model.design.relational.Table" directorySegmentName="seg_0" id="0BBD9034-AABA-4165-6E7B-A3C36482FA75" name="T_CHATBOT_MATRICULA">
<createdBy>logonrmlocal</createdBy>
<createdTime>2019-09-30 12:34:56 UTC</createdTime>
<generatorID>448DC3C0-AE9B-FE0F-0A60-B88FF8022F94</generatorID>
<ownerDesignName>TALVEZ_SUCESSO</ownerDesignName>
<allowColumnReorder>false</allowColumnReorder>
<existDependencyGenerateInDDl>true</existDependencyGenerateInDDl>
<parsed>true</parsed>
<columns itemClass="oracle.dbtools.crest.model.design.relational.Column">
<Column name="T_CHATBOT_ALUNO_nr_rm" id="E6D24AEC-579E-3F5E-B9BB-5077E5164860">
<createdBy>logonrmlocal</createdBy>
<createdTime>2019-09-30 12:34:56 UTC</createdTime>
<generatorID>AC62A2FF-C0C0-E50E-CC6E-398B9E2387DD</generatorID>
<ownerDesignName>TALVEZ_SUCESSO</ownerDesignName>
<useDomainConstraints>false</useDomainConstraints>
<use>1</use>
<logicalDatatype>LOGDT019</logicalDatatype>
<dataTypePrecision>5</dataTypePrecision>
<ownDataTypeParameters>,,</ownDataTypeParameters>
<previousColumn>false</previousColumn>
<autoIncrementCycle>false</autoIncrementCycle>
<associations>
<colAssociation fkAssociation="710EF574-F3EA-51BA-561F-9EC4741D9CEE" referredColumn="6148156D-52D8-9D72-D8BC-BA4ACB839D31"/>
</associations>
</Column>
<Column name="T_CHATBOT_DISCIPLINA_cd_disciplina" id="98E4B7A5-E095-4662-F3DC-406466F5D17D">
<createdBy>logonrmlocal</createdBy>
<createdTime>2019-09-30 12:34:56 UTC</createdTime>
<generatorID>6365C208-1BC5-1251-E00C-289630D4E9A8</generatorID>
<ownerDesignName>TALVEZ_SUCESSO</ownerDesignName>
<useDomainConstraints>false</useDomainConstraints>
<use>1</use>
<logicalDatatype>LOGDT019</logicalDatatype>
<dataTypePrecision>2</dataTypePrecision>
<ownDataTypeParameters>,,</ownDataTypeParameters>
<previousColumn>false</previousColumn>
<autoIncrementCycle>false</autoIncrementCycle>
<associations>
<colAssociation fkAssociation="F00A9C72-8BDE-CBE6-4327-71651DB90A58" referredColumn="8835659A-F457-6568-6D12-D462425E1B42"/>
</associations>
</Column>
<Column name="dt_inicio" id="A419B905-A2E3-393F-8496-E7251C55C63B">
<createdBy>logonrmlocal</createdBy>
<createdTime>2019-09-30 12:34:56 UTC</createdTime>
<generatorID>20D9E8D9-23C0-606B-BF78-978AA128DBF9</generatorID>
<ownerDesignName>TALVEZ_SUCESSO</ownerDesignName>
<useDomainConstraints>false</useDomainConstraints>
<use>1</use>
<logicalDatatype>LOGDT007</logicalDatatype>
<ownDataTypeParameters>,,</ownDataTypeParameters>
<autoIncrementCycle>false</autoIncrementCycle>
</Column>
<Column name="dt_termino" id="C68D6CE0-2CD9-F316-9D10-310F1B7C8BFB">
<createdBy>logonrmlocal</createdBy>
<createdTime>2019-09-30 12:34:56 UTC</createdTime>
<generatorID>D8A90666-91AE-1283-9CCB-57D0F8D41058</generatorID>
<ownerDesignName>TALVEZ_SUCESSO</ownerDesignName>
<nullsAllowed>true</nullsAllowed>
<useDomainConstraints>false</useDomainConstraints>
<use>1</use>
<logicalDatatype>LOGDT007</logicalDatatype>
<ownDataTypeParameters>,,</ownDataTypeParameters>
<autoIncrementCycle>false</autoIncrementCycle>
</Column>
</columns>
<indexes itemClass="oracle.dbtools.crest.model.design.relational.Index">
<ind_PK_UK id="60577DDB-BEC9-9751-4449-FCAB989E133D" name="T_CHATBOT_MATRICULA_PK">
<createdBy>logonrmlocal</createdBy>
<createdTime>2019-09-30 12:34:56 UTC</createdTime>
<generatorID>AF9FE5B0-0F45-80B2-3A57-3A0A1BAC7681</generatorID>
<ownerDesignName>TALVEZ_SUCESSO</ownerDesignName>
<pk>true</pk>
<indexState>Primary Constraint</indexState>
<isSurrogateKey>false</isSurrogateKey>
<indexColumnUsage>
<colUsage columnID="E6D24AEC-579E-3F5E-B9BB-5077E5164860"/>
<colUsage columnID="98E4B7A5-E095-4662-F3DC-406466F5D17D"/>
</indexColumnUsage>
</ind_PK_UK>
<ind_PK_UK id="B302FDB0-D3CE-3867-9D34-45D3DBDDCE9B" name="T_CHATBOT_MATRICULA_T_CHATBOT_ALUNO_FK">
<createdBy>logonrmlocal</createdBy>
<createdTime>2019-09-30 12:34:56 UTC</createdTime>
<generatorID>076E45F2-7006-C5E8-FE0E-F474589AA24A</generatorID>
<ownerDesignName>TALVEZ_SUCESSO</ownerDesignName>
<indexState>Foreign Key</indexState>
<isSurrogateKey>false</isSurrogateKey>
<indexColumnUsage>
<colUsage columnID="E6D24AEC-579E-3F5E-B9BB-5077E5164860"/>
</indexColumnUsage>
</ind_PK_UK>
<ind_PK_UK id="EC73E911-7A28-D909-D631-2715E3CB67B7" name="T_CHATBOT_MATRICULA_T_CHATBOT_DISCIPLINA_FK">
<createdBy>logonrmlocal</createdBy>
<createdTime>2019-09-30 12:34:56 UTC</createdTime>
<generatorID>CE6F5CB3-BF98-1775-D93F-E85A855B6292</generatorID>
<ownerDesignName>TALVEZ_SUCESSO</ownerDesignName>
<indexState>Foreign Key</indexState>
<isSurrogateKey>false</isSurrogateKey>
<indexColumnUsage>
<colUsage columnID="98E4B7A5-E095-4662-F3DC-406466F5D17D"/>
</indexColumnUsage>
</ind_PK_UK>
</indexes>
</Table>