<?xml version = '1.0' encoding = 'UTF-8'?>
<Table class="oracle.dbtools.crest.model.design.relational.Table" directorySegmentName="seg_0" id="39CA7DE3-4C1D-CB9E-A959-F3A1CBE6341D" name="T_CHATBOT_PROGRESSAO">
<createdBy>logonrmlocal</createdBy>
<createdTime>2019-09-30 12:34:56 UTC</createdTime>
<generatorID>466E111A-3F5C-E5E3-E8FF-AF1BC2778D7A</generatorID>
<ownerDesignName>TALVEZ_SUCESSO</ownerDesignName>
<allowColumnReorder>false</allowColumnReorder>
<existDependencyGenerateInDDl>true</existDependencyGenerateInDDl>
<parsed>true</parsed>
<columns itemClass="oracle.dbtools.crest.model.design.relational.Column">
<Column name="T_CHATBOT_MATRICULA_T_CHATBOT_ALUNO_nr_rm" id="67115B45-C268-273F-1A2D-0FFE15D5CF02">
<createdBy>logonrmlocal</createdBy>
<createdTime>2019-09-30 12:34:56 UTC</createdTime>
<generatorID>26316584-DB13-5B47-A8EE-F6511DB6AC7F</generatorID>
<ownerDesignName>TALVEZ_SUCESSO</ownerDesignName>
<useDomainConstraints>false</useDomainConstraints>
<use>1</use>
<logicalDatatype>LOGDT019</logicalDatatype>
<dataTypePrecision>5</dataTypePrecision>
<ownDataTypeParameters>,,</ownDataTypeParameters>
<previousColumn>false</previousColumn>
<autoIncrementCycle>false</autoIncrementCycle>
<associations>
<colAssociation fkAssociation="94D25D0D-846D-42C2-F1E2-8F11ACF91434" referredColumn="E6D24AEC-579E-3F5E-B9BB-5077E5164860"/>
</associations>
</Column>
<Column name="T_CHATBOT_MATRICULA_T_CHATBOT_DISCIPLINA_cd_disciplina" id="B36D7596-0939-4AA1-633B-8CF630D8BC03">
<createdBy>logonrmlocal</createdBy>
<createdTime>2019-09-30 12:34:56 UTC</createdTime>
<generatorID>CA62B7FB-EBEC-6930-B051-9399148C2616</generatorID>
<ownerDesignName>TALVEZ_SUCESSO</ownerDesignName>
<useDomainConstraints>false</useDomainConstraints>
<use>1</use>
<logicalDatatype>LOGDT019</logicalDatatype>
<dataTypePrecision>2</dataTypePrecision>
<ownDataTypeParameters>,,</ownDataTypeParameters>
<previousColumn>false</previousColumn>
<autoIncrementCycle>false</autoIncrementCycle>
<associations>
<colAssociation fkAssociation="94D25D0D-846D-42C2-F1E2-8F11ACF91434" referredColumn="98E4B7A5-E095-4662-F3DC-406466F5D17D"/>
</associations>
</Column>
<Column name="T_CHATBOT_CONTEUDO_cd_conteudo" id="0FFAA9ED-4134-A431-2C72-901763DF0C92">
<createdBy>logonrmlocal</createdBy>
<createdTime>2019-09-30 12:34:56 UTC</createdTime>
<generatorID>3EB40AAE-9E6E-F03C-CD15-41F9663957FA</generatorID>
<ownerDesignName>TALVEZ_SUCESSO</ownerDesignName>
<useDomainConstraints>false</useDomainConstraints>
<use>1</use>
<logicalDatatype>LOGDT019</logicalDatatype>
<dataTypePrecision>3</dataTypePrecision>
<ownDataTypeParameters>,,</ownDataTypeParameters>
<previousColumn>false</previousColumn>
<autoIncrementCycle>false</autoIncrementCycle>
<associations>
<colAssociation fkAssociation="49E1C32A-B1EB-C78B-7BE4-E073E31F31FF" referredColumn="84B48B25-B785-FD20-CE57-4C2768A8FA41"/>
</associations>
</Column>
<Column name="st_status" id="B56E47B2-E5D9-9075-9E32-2CE373E6BC79">
<createdBy>logonrmlocal</createdBy>
<createdTime>2019-09-30 12:34:56 UTC</createdTime>
<generatorID>5D105756-330D-13B2-732C-D5592E420AF6</generatorID>
<ownerDesignName>TALVEZ_SUCESSO</ownerDesignName>
<useDomainConstraints>false</useDomainConstraints>
<use>1</use>
<logicalDatatype>LOGDT025</logicalDatatype>
<dataTypeSize>1</dataTypeSize>
<ownDataTypeParameters>1,,</ownDataTypeParameters>
<autoIncrementCycle>false</autoIncrementCycle>
</Column>
<Column name="ds_avaliacao" id="B506D2D3-E609-BF3A-7746-5E12361331CA">
<createdBy>logonrmlocal</createdBy>
<createdTime>2019-09-30 12:34:56 UTC</createdTime>
<generatorID>74764801-99FF-9F2C-59A8-D5FF55110AC7</generatorID>
<ownerDesignName>TALVEZ_SUCESSO</ownerDesignName>
<nullsAllowed>true</nullsAllowed>
<useDomainConstraints>false</useDomainConstraints>
<use>1</use>
<logicalDatatype>LOGDT025</logicalDatatype>
<dataTypeSize>1</dataTypeSize>
<ownDataTypeParameters>1,,</ownDataTypeParameters>
<autoIncrementCycle>false</autoIncrementCycle>
</Column>
<Column name="T_CHATBOT_CONTEUDO_T_CHATBOT_DISCIPLINA_cd_disciplina" id="3DE3EC45-3EF1-A662-B4D5-2BEBBBE7DDB8">
<createdBy>logonrmlocal</createdBy>
<createdTime>2019-09-30 12:40:13 UTC</createdTime>
<ownerDesignName>TALVEZ_SUCESSO</ownerDesignName>
<useDomainConstraints>false</useDomainConstraints>
<use>1</use>
<logicalDatatype>LOGDT019</logicalDatatype>
<dataTypePrecision>2</dataTypePrecision>
<ownDataTypeParameters>,,</ownDataTypeParameters>
<previousColumn>false</previousColumn>
<autoIncrementCycle>false</autoIncrementCycle>
<associations>
<colAssociation fkAssociation="49E1C32A-B1EB-C78B-7BE4-E073E31F31FF" referredColumn="3B4FB064-9C77-DDBA-3D1F-82713FB727A6"/>
</associations>
</Column>
</columns>
<indexes itemClass="oracle.dbtools.crest.model.design.relational.Index">
<ind_PK_UK id="9D0B250B-303E-62DB-E81C-F4A2ABA54947" name="T_CHATBOT_PROGRESSAO_PK">
<createdBy>logonrmlocal</createdBy>
<createdTime>2019-09-30 12:34:56 UTC</createdTime>
<generatorID>3D3528B6-5B52-7452-4954-A916752EACAE</generatorID>
<ownerDesignName>TALVEZ_SUCESSO</ownerDesignName>
<pk>true</pk>
<indexState>Primary Constraint</indexState>
<isSurrogateKey>false</isSurrogateKey>
<indexColumnUsage>
<colUsage columnID="67115B45-C268-273F-1A2D-0FFE15D5CF02"/>
<colUsage columnID="B36D7596-0939-4AA1-633B-8CF630D8BC03"/>
<colUsage columnID="0FFAA9ED-4134-A431-2C72-901763DF0C92"/>
</indexColumnUsage>
</ind_PK_UK>
<ind_PK_UK id="54FA6999-B3A4-E8B7-B46A-1336874CCC76" name="T_CHATBOT_PROGRESSAO__IDX">
<createdBy>logonrmlocal</createdBy>
<createdTime>2019-09-30 12:34:56 UTC</createdTime>
<ownerDesignName>TALVEZ_SUCESSO</ownerDesignName>
<indexState>Unique Plain Index</indexState>
<isSurrogateKey>false</isSurrogateKey>
<relationGeneratorID>C8F7C5E1-418C-B36A-01D0-79ACD1B2E9D8</relationGeneratorID>
<indexColumnUsage>
<colUsage columnID="67115B45-C268-273F-1A2D-0FFE15D5CF02"/>
<colUsage columnID="B36D7596-0939-4AA1-633B-8CF630D8BC03"/>
</indexColumnUsage>
</ind_PK_UK>
<ind_PK_UK id="6C9B1362-823D-6342-CAF3-6AB73BDA921E" name="T_CHATBOT_PROGRESSAO__IDXv1">
<createdBy>logonrmlocal</createdBy>
<createdTime>2019-09-30 12:34:56 UTC</createdTime>
<ownerDesignName>TALVEZ_SUCESSO</ownerDesignName>
<indexState>Unique Plain Index</indexState>
<isSurrogateKey>false</isSurrogateKey>
<relationGeneratorID>D938E1DA-A7F5-8C10-BE55-4E070746F103</relationGeneratorID>
<indexColumnUsage>
<colUsage columnID="0FFAA9ED-4134-A431-2C72-901763DF0C92"/>
</indexColumnUsage>
</ind_PK_UK>
<ind_PK_UK id="64781E5C-0EDE-AEB6-C862-B4758C75550E" name="T_CHATBOT_PROGRESSAO__IDXv2">
<createdBy>logonrmlocal</createdBy>
<createdTime>2019-09-30 12:40:13 UTC</createdTime>
<ownerDesignName>TALVEZ_SUCESSO</ownerDesignName>
<indexState>Unique Plain Index</indexState>
<isSurrogateKey>false</isSurrogateKey>
<relationGeneratorID>D938E1DA-A7F5-8C10-BE55-4E070746F103</relationGeneratorID>
<indexColumnUsage>
<colUsage columnID="0FFAA9ED-4134-A431-2C72-901763DF0C92"/>
<colUsage columnID="3DE3EC45-3EF1-A662-B4D5-2BEBBBE7DDB8"/>
</indexColumnUsage>
</ind_PK_UK>
<ind_PK_UK id="4E670424-EAAA-6B22-68D5-FBD99D75413D" name="T_CHATBOT_PROGRESSAO_T_CHATBOT_MATRICULA_FK">
<createdBy>logonrmlocal</createdBy>
<createdTime>2019-09-30 12:34:56 UTC</createdTime>
<generatorID>C8F7C5E1-418C-B36A-01D0-79ACD1B2E9D8</generatorID>
<ownerDesignName>TALVEZ_SUCESSO</ownerDesignName>
<indexState>Foreign Key</indexState>
<isSurrogateKey>false</isSurrogateKey>
<indexColumnUsage>
<colUsage columnID="67115B45-C268-273F-1A2D-0FFE15D5CF02"/>
<colUsage columnID="B36D7596-0939-4AA1-633B-8CF630D8BC03"/>
</indexColumnUsage>
</ind_PK_UK>
<ind_PK_UK id="4DF2B42D-B1D2-AE65-7E4E-D955BA6BC747" name="T_CHATBOT_PROGRESSAO_T_CHATBOT_CONTEUDO_FK">
<createdBy>logonrmlocal</createdBy>
<createdTime>2019-09-30 12:34:56 UTC</createdTime>
<generatorID>D938E1DA-A7F5-8C10-BE55-4E070746F103</generatorID>
<ownerDesignName>TALVEZ_SUCESSO</ownerDesignName>
<indexState>Foreign Key</indexState>
<isSurrogateKey>false</isSurrogateKey>
<indexColumnUsage>
<colUsage columnID="0FFAA9ED-4134-A431-2C72-901763DF0C92"/>
<colUsage columnID="3DE3EC45-3EF1-A662-B4D5-2BEBBBE7DDB8"/>
</indexColumnUsage>
</ind_PK_UK>
</indexes>
</Table>