<?xml version = '1.0' encoding = 'UTF-8'?>
<Table class="oracle.dbtools.crest.model.design.relational.Table" directorySegmentName="seg_0" id="B0D16726-95DE-351E-F029-DAE6C9D8B707" name="T_CHATBOT_CONTEUDO">
<createdBy>logonrmlocal</createdBy>
<createdTime>2019-09-30 12:34:56 UTC</createdTime>
<generatorID>5BD16281-DC3B-0FAF-8D94-593C477CC7B2</generatorID>
<ownerDesignName>TALVEZ_SUCESSO</ownerDesignName>
<allowColumnReorder>false</allowColumnReorder>
<existDependencyGenerateInDDl>true</existDependencyGenerateInDDl>
<parsed>true</parsed>
<columns itemClass="oracle.dbtools.crest.model.design.relational.Column">
<Column name="cd_conteudo" id="84B48B25-B785-FD20-CE57-4C2768A8FA41">
<createdBy>logonrmlocal</createdBy>
<createdTime>2019-09-30 12:34:56 UTC</createdTime>
<generatorID>080C32F6-9728-BCDB-195A-364FE0CB894E</generatorID>
<ownerDesignName>TALVEZ_SUCESSO</ownerDesignName>
<useDomainConstraints>false</useDomainConstraints>
<use>1</use>
<logicalDatatype>LOGDT019</logicalDatatype>
<dataTypePrecision>3</dataTypePrecision>
<ownDataTypeParameters>,3,</ownDataTypeParameters>
<autoIncrementCycle>false</autoIncrementCycle>
</Column>
<Column name="T_CHATBOT_DISCIPLINA_cd_disciplina" id="3B4FB064-9C77-DDBA-3D1F-82713FB727A6">
<createdBy>logonrmlocal</createdBy>
<createdTime>2019-09-30 12:34:56 UTC</createdTime>
<generatorID>807587C6-ED0A-0E79-69EA-EE500B8A2E4F</generatorID>
<ownerDesignName>TALVEZ_SUCESSO</ownerDesignName>
<useDomainConstraints>false</useDomainConstraints>
<use>1</use>
<logicalDatatype>LOGDT019</logicalDatatype>
<dataTypePrecision>2</dataTypePrecision>
<ownDataTypeParameters>,,</ownDataTypeParameters>
<previousColumn>false</previousColumn>
<autoIncrementCycle>false</autoIncrementCycle>
<associations>
<colAssociation fkAssociation="0D632EBD-FE40-948A-922D-331E4DA2E596" referredColumn="8835659A-F457-6568-6D12-D462425E1B42"/>
</associations>
</Column>
<Column name="ds_titulo" id="0613C0A0-34F3-7B94-DF59-BBF393805EAD">
<createdBy>logonrmlocal</createdBy>
<createdTime>2019-09-30 12:34:56 UTC</createdTime>
<generatorID>9E013424-C832-B8D1-F45E-B6755F207F80</generatorID>
<ownerDesignName>TALVEZ_SUCESSO</ownerDesignName>
<useDomainConstraints>false</useDomainConstraints>
<use>1</use>
<logicalDatatype>LOGDT024</logicalDatatype>
<dataTypeSize>80</dataTypeSize>
<ownDataTypeParameters>80,,</ownDataTypeParameters>
<autoIncrementCycle>false</autoIncrementCycle>
</Column>
<Column name="tp_pdf" id="DBE33867-40C3-BBD6-17DC-8E8A65D5D079">
<createdBy>logonrmlocal</createdBy>
<createdTime>2019-09-30 12:34:56 UTC</createdTime>
<generatorID>3036C891-08F6-703C-44F9-9483165FC346</generatorID>
<ownerDesignName>TALVEZ_SUCESSO</ownerDesignName>
<useDomainConstraints>false</useDomainConstraints>
<use>1</use>
<logicalDatatype>LOGDT025</logicalDatatype>
<dataTypeSize>1</dataTypeSize>
<ownDataTypeParameters>1,,</ownDataTypeParameters>
<autoIncrementCycle>false</autoIncrementCycle>
</Column>
<Column name="tp_video" id="656ED7E5-196A-D89F-ECF0-84C98E548549">
<createdBy>logonrmlocal</createdBy>
<createdTime>2019-09-30 12:34:56 UTC</createdTime>
<generatorID>0DCA3E9E-C7D6-6564-8D6A-6408EA6AE0D5</generatorID>
<ownerDesignName>TALVEZ_SUCESSO</ownerDesignName>
<useDomainConstraints>false</useDomainConstraints>
<use>1</use>
<logicalDatatype>LOGDT025</logicalDatatype>
<dataTypeSize>1</dataTypeSize>
<ownDataTypeParameters>1,,</ownDataTypeParameters>
<autoIncrementCycle>false</autoIncrementCycle>
</Column>
<Column name="tp_audio" id="9741A4C7-7887-3F68-A996-AA36029B5476">
<createdBy>logonrmlocal</createdBy>
<createdTime>2019-09-30 12:34:56 UTC</createdTime>
<generatorID>DF16BA0D-607B-D26C-575C-7862B87952A6</generatorID>
<ownerDesignName>TALVEZ_SUCESSO</ownerDesignName>
<useDomainConstraints>false</useDomainConstraints>
<use>1</use>
<logicalDatatype>LOGDT025</logicalDatatype>
<dataTypeSize>1</dataTypeSize>
<ownDataTypeParameters>1,,</ownDataTypeParameters>
<autoIncrementCycle>false</autoIncrementCycle>
</Column>
</columns>
<indexes itemClass="oracle.dbtools.crest.model.design.relational.Index">
<ind_PK_UK id="77BB9F60-C287-0C9C-B51E-A27284FBFF66" name="T_CHATBOT_CONTEUDO_PK">
<createdBy>logonrmlocal</createdBy>
<createdTime>2019-09-30 12:34:56 UTC</createdTime>
<generatorID>6639830F-C151-7E30-7566-59D9A1A20605</generatorID>
<ownerDesignName>TALVEZ_SUCESSO</ownerDesignName>
<pk>true</pk>
<indexState>Primary Constraint</indexState>
<isSurrogateKey>false</isSurrogateKey>
<indexColumnUsage>
<colUsage columnID="84B48B25-B785-FD20-CE57-4C2768A8FA41"/>
<colUsage columnID="3B4FB064-9C77-DDBA-3D1F-82713FB727A6"/>
</indexColumnUsage>
</ind_PK_UK>
<ind_PK_UK id="C1309BC9-242D-832C-6F2D-F2B08CA10548" name="T_CHATBOT_CONTEUDO_T_CHATBOT_DISCIPLINA_FK">
<createdBy>logonrmlocal</createdBy>
<createdTime>2019-09-30 12:34:56 UTC</createdTime>
<generatorID>67743DD2-2F90-3200-188A-DBAE76ECDFB8</generatorID>
<ownerDesignName>TALVEZ_SUCESSO</ownerDesignName>
<indexState>Foreign Key</indexState>
<isSurrogateKey>false</isSurrogateKey>
<indexColumnUsage>
<colUsage columnID="3B4FB064-9C77-DDBA-3D1F-82713FB727A6"/>
</indexColumnUsage>
</ind_PK_UK>
</indexes>
</Table>