<?xml version = '1.0' encoding = 'UTF-8'?>
<Table class="oracle.dbtools.crest.model.design.relational.Table" directorySegmentName="seg_0" id="D345EB40-BC46-B088-B95E-9EA91129C94B" name="T_CHATBOT_DISCIPLINA">
<createdBy>logonrmlocal</createdBy>
<createdTime>2019-09-30 12:34:56 UTC</createdTime>
<generatorID>A6275559-2148-9D47-29A3-027E63FB9C8D</generatorID>
<ownerDesignName>TALVEZ_SUCESSO</ownerDesignName>
<allowColumnReorder>false</allowColumnReorder>
<existDependencyGenerateInDDl>true</existDependencyGenerateInDDl>
<parsed>true</parsed>
<columns itemClass="oracle.dbtools.crest.model.design.relational.Column">
<Column name="cd_disciplina" id="8835659A-F457-6568-6D12-D462425E1B42">
<createdBy>logonrmlocal</createdBy>
<createdTime>2019-09-30 12:34:56 UTC</createdTime>
<generatorID>A7D7F664-121C-7713-77A5-016EDF9FF8CC</generatorID>
<ownerDesignName>TALVEZ_SUCESSO</ownerDesignName>
<useDomainConstraints>false</useDomainConstraints>
<use>1</use>
<logicalDatatype>LOGDT019</logicalDatatype>
<dataTypePrecision>2</dataTypePrecision>
<ownDataTypeParameters>,2,</ownDataTypeParameters>
<autoIncrementCycle>false</autoIncrementCycle>
</Column>
<Column name="nm_disciplina" id="E9106399-EC88-0FFD-59AD-B2F813AF7CD2">
<createdBy>logonrmlocal</createdBy>
<createdTime>2019-09-30 12:34:56 UTC</createdTime>
<generatorID>7F6C23B7-CE96-66D6-AE35-B02701A0642E</generatorID>
<ownerDesignName>TALVEZ_SUCESSO</ownerDesignName>
<useDomainConstraints>false</useDomainConstraints>
<use>1</use>
<logicalDatatype>LOGDT024</logicalDatatype>
<dataTypeSize>30</dataTypeSize>
<ownDataTypeParameters>30,,</ownDataTypeParameters>
<autoIncrementCycle>false</autoIncrementCycle>
</Column>
<Column name="st_status" id="02E98813-F907-7829-30EA-96A3E416CA8C">
<createdBy>logonrmlocal</createdBy>
<createdTime>2019-09-30 12:34:56 UTC</createdTime>
<generatorID>335184D1-73F4-0104-978E-76C84D82BC36</generatorID>
<ownerDesignName>TALVEZ_SUCESSO</ownerDesignName>
<useDomainConstraints>false</useDomainConstraints>
<use>1</use>
<logicalDatatype>LOGDT025</logicalDatatype>
<dataTypeSize>1</dataTypeSize>
<ownDataTypeParameters>1,,</ownDataTypeParameters>
<autoIncrementCycle>false</autoIncrementCycle>
</Column>
<Column name="dt_inicio" id="827D05E9-01BF-57B2-A935-2CC92B81547E">
<createdBy>logonrmlocal</createdBy>
<createdTime>2019-09-30 12:34:56 UTC</createdTime>
<generatorID>49209233-FE26-E27E-6DFA-7E4B84B4A06C</generatorID>
<ownerDesignName>TALVEZ_SUCESSO</ownerDesignName>
<useDomainConstraints>false</useDomainConstraints>
<use>1</use>
<logicalDatatype>LOGDT007</logicalDatatype>
<ownDataTypeParameters>,,</ownDataTypeParameters>
<autoIncrementCycle>false</autoIncrementCycle>
</Column>
<Column name="dt_termino" id="105DB96E-709D-366D-8518-FE545E8ECC45">
<createdBy>logonrmlocal</createdBy>
<createdTime>2019-09-30 12:34:56 UTC</createdTime>
<generatorID>850C1DDD-F95E-BB44-4A3F-3AA4A5AC32E8</generatorID>
<ownerDesignName>TALVEZ_SUCESSO</ownerDesignName>
<nullsAllowed>true</nullsAllowed>
<useDomainConstraints>false</useDomainConstraints>
<use>1</use>
<logicalDatatype>LOGDT007</logicalDatatype>
<ownDataTypeParameters>,,</ownDataTypeParameters>
<autoIncrementCycle>false</autoIncrementCycle>
</Column>
</columns>
<indexes itemClass="oracle.dbtools.crest.model.design.relational.Index">
<ind_PK_UK id="F56DD34C-E2BC-50E2-170B-0B2CFF34B0E7" name="T_CHATBOT_DISCIPLINA_PK">
<createdBy>logonrmlocal</createdBy>
<createdTime>2019-09-30 12:34:56 UTC</createdTime>
<generatorID>91D1BB59-DF55-C3A2-7CCF-B976A6825D5D</generatorID>
<ownerDesignName>TALVEZ_SUCESSO</ownerDesignName>
<pk>true</pk>
<indexState>Primary Constraint</indexState>
<isSurrogateKey>false</isSurrogateKey>
<indexColumnUsage>
<colUsage columnID="8835659A-F457-6568-6D12-D462425E1B42"/>
</indexColumnUsage>
</ind_PK_UK>
</indexes>
</Table>