<?xml version = '1.0' encoding = 'UTF-8'?>
<Table class="oracle.dbtools.crest.model.design.relational.Table" directorySegmentName="seg_0" id="F6158226-C147-3F5D-1871-B2114C334A71" name="T_CHATBOT_ALUNO">
<createdBy>logonrmlocal</createdBy>
<createdTime>2019-09-30 12:34:56 UTC</createdTime>
<generatorID>72429E9A-D6EB-31D9-6B16-AFFC8D04BAC6</generatorID>
<ownerDesignName>TALVEZ_SUCESSO</ownerDesignName>
<allowColumnReorder>false</allowColumnReorder>
<existDependencyGenerateInDDl>true</existDependencyGenerateInDDl>
<parsed>true</parsed>
<columns itemClass="oracle.dbtools.crest.model.design.relational.Column">
<Column name="nr_rm" id="6148156D-52D8-9D72-D8BC-BA4ACB839D31">
<createdBy>logonrmlocal</createdBy>
<createdTime>2019-09-30 12:34:56 UTC</createdTime>
<generatorID>F5D1F429-4DC1-6EED-1BBF-038E2BDC7962</generatorID>
<ownerDesignName>TALVEZ_SUCESSO</ownerDesignName>
<useDomainConstraints>false</useDomainConstraints>
<use>1</use>
<logicalDatatype>LOGDT019</logicalDatatype>
<dataTypePrecision>5</dataTypePrecision>
<ownDataTypeParameters>,5,</ownDataTypeParameters>
<autoIncrementCycle>false</autoIncrementCycle>
</Column>
<Column name="nm_aluno" id="C25833E6-AB24-752F-75B7-47D63D639449">
<createdBy>logonrmlocal</createdBy>
<createdTime>2019-09-30 12:34:56 UTC</createdTime>
<generatorID>279980E2-9433-4788-98D4-AB680C9A949B</generatorID>
<ownerDesignName>TALVEZ_SUCESSO</ownerDesignName>
<useDomainConstraints>false</useDomainConstraints>
<use>1</use>
<logicalDatatype>LOGDT024</logicalDatatype>
<dataTypeSize>50</dataTypeSize>
<ownDataTypeParameters>50,,</ownDataTypeParameters>
<autoIncrementCycle>false</autoIncrementCycle>
</Column>
<Column name="ds_email" id="55F6A31D-7ABA-9E3D-A300-08D875F23BB2">
<createdBy>logonrmlocal</createdBy>
<createdTime>2019-09-30 12:34:56 UTC</createdTime>
<generatorID>515392C9-188F-8D18-9494-C1D0FC8C55ED</generatorID>
<ownerDesignName>TALVEZ_SUCESSO</ownerDesignName>
<useDomainConstraints>false</useDomainConstraints>
<use>1</use>
<logicalDatatype>LOGDT024</logicalDatatype>
<dataTypeSize>70</dataTypeSize>
<ownDataTypeParameters>70,,</ownDataTypeParameters>
<autoIncrementCycle>false</autoIncrementCycle>
</Column>
<Column name="sn_aluno" id="91F2749B-7DCE-919D-9D95-D3137DFFFC55">
<createdBy>logonrmlocal</createdBy>
<createdTime>2019-09-30 12:34:56 UTC</createdTime>
<generatorID>515CE4E2-EBDF-EEA4-5FD4-906BBC108E11</generatorID>
<ownerDesignName>TALVEZ_SUCESSO</ownerDesignName>
<useDomainConstraints>false</useDomainConstraints>
<use>1</use>
<logicalDatatype>LOGDT024</logicalDatatype>
<dataTypeSize>20</dataTypeSize>
<ownDataTypeParameters>20,,</ownDataTypeParameters>
<autoIncrementCycle>false</autoIncrementCycle>
</Column>
<Column name="nr_telefone" id="B01015AE-171D-E437-958C-A336DD730F61">
<createdBy>logonrmlocal</createdBy>
<createdTime>2019-09-30 12:34:56 UTC</createdTime>
<generatorID>047773E3-3D53-E22F-472B-37524907D1EA</generatorID>
<ownerDesignName>TALVEZ_SUCESSO</ownerDesignName>
<nullsAllowed>true</nullsAllowed>
<useDomainConstraints>false</useDomainConstraints>
<use>1</use>
<logicalDatatype>LOGDT019</logicalDatatype>
<dataTypePrecision>11</dataTypePrecision>
<ownDataTypeParameters>,11,</ownDataTypeParameters>
<autoIncrementCycle>false</autoIncrementCycle>
</Column>
<Column name="nr_cpf" id="61E3F76E-F19D-8AC0-14BF-31E1E20B4993">
<createdBy>logonrmlocal</createdBy>
<createdTime>2019-09-30 12:34:56 UTC</createdTime>
<generatorID>30F492A6-76F6-C6F0-44D0-A77E42A48708</generatorID>
<ownerDesignName>TALVEZ_SUCESSO</ownerDesignName>
<useDomainConstraints>false</useDomainConstraints>
<use>1</use>
<logicalDatatype>LOGDT019</logicalDatatype>
<dataTypePrecision>11</dataTypePrecision>
<ownDataTypeParameters>,11,</ownDataTypeParameters>
<autoIncrementCycle>false</autoIncrementCycle>
</Column>
<Column name="nr_cep" id="C82C6403-0C99-2410-AF9F-F08DF5B0F5BB">
<createdBy>logonrmlocal</createdBy>
<createdTime>2019-09-30 12:34:56 UTC</createdTime>
<generatorID>99D9505B-0D51-2C39-7F42-51292D402B0F</generatorID>
<ownerDesignName>TALVEZ_SUCESSO</ownerDesignName>
<useDomainConstraints>false</useDomainConstraints>
<use>1</use>
<logicalDatatype>LOGDT019</logicalDatatype>
<dataTypePrecision>8</dataTypePrecision>
<ownDataTypeParameters>,8,</ownDataTypeParameters>
<autoIncrementCycle>false</autoIncrementCycle>
</Column>
</columns>
<indexes itemClass="oracle.dbtools.crest.model.design.relational.Index">
<ind_PK_UK id="7408AF23-9E80-CF71-A3E5-C07947047D63" name="T_CHATBOT_ALUNO_PK">
<createdBy>logonrmlocal</createdBy>
<createdTime>2019-09-30 12:34:56 UTC</createdTime>
<generatorID>6D45563B-154D-C84B-4D0D-912D36E301BA</generatorID>
<ownerDesignName>TALVEZ_SUCESSO</ownerDesignName>
<pk>true</pk>
<indexState>Primary Constraint</indexState>
<isSurrogateKey>false</isSurrogateKey>
<indexColumnUsage>
<colUsage columnID="6148156D-52D8-9D72-D8BC-BA4ACB839D31"/>
</indexColumnUsage>
</ind_PK_UK>
</indexes>
</Table>