<?xml version = '1.0' encoding = 'UTF-8'?>
<Diagram class="oracle.dbtools.crest.swingui.relational.DPVRelational" name="Relational_1" id="91B41240-A08F-9A93-11F9-FDF1B253970F">
<createdBy>logonrmlocal</createdBy>
<modifiedBy>logonrmlocal</modifiedBy>
<createdTime>2019-09-30 12:33:35 UTC</createdTime>
<autoRoute>false</autoRoute>
<boxInbox>true</boxInbox>
<showLegend>false</showLegend>
<showLabels>false</showLabels>
<showRelAttributes>false</showRelAttributes>
<gridEnabled>false</gridEnabled>
<showGrid>false</showGrid>
<diagramColor>-1</diagramColor>
<display>false</display>
<notation>1</notation>
<objectViews>
<OView class="oracle.dbtools.crest.swingui.relational.TVTable" oid="0BBD9034-AABA-4165-6E7B-A3C36482FA75" otype="Table" vid="5B6F2F94-E89F-E8A7-2E8A-310ECCBA61E2">
<hideElementsInCurrentOnly>false</hideElementsInCurrentOnly>
<bounds x="110" y="368" width="291" height="139"/>
<useCustomFormat>true</useCustomFormat>
<useDefaultColor>false</useDefaultColor>
<backgroundColor>-154</backgroundColor>
<foregroundColor>-16776961</foregroundColor>
<fonts itemClass="oracle.dbtools.crest.model.design.FontObjectWr">
<FontObject>
<foType>Title</foType>
<fontStyle>1</fontStyle>
<colorRGB>-16776961</colorRGB>
</FontObject>
<FontObject>
<foType>Column</foType>
<colorRGB>-16777216</colorRGB>
</FontObject>
<FontObject>
<foType>Not Null</foType>
<colorRGB>-65536</colorRGB>
</FontObject>
<FontObject>
<foType>PK Element</foType>
<colorRGB>-16776961</colorRGB>
</FontObject>
<FontObject>
<foType>Datatype</foType>
<colorRGB>-16744448</colorRGB>
</FontObject>
<FontObject>
<foType>Key</foType>
<colorRGB>-16777216</colorRGB>
</FontObject>
</fonts>
</OView>
<OView class="oracle.dbtools.crest.swingui.relational.TVTable" oid="39CA7DE3-4C1D-CB9E-A959-F3A1CBE6341D" otype="Table" vid="8813D9E6-1738-B458-A8F0-12F6A3A67DF1">
<hideElementsInCurrentOnly>false</hideElementsInCurrentOnly>
<bounds x="437" y="393" width="625" height="229"/>
</OView>
<OView class="oracle.dbtools.crest.swingui.relational.TVTable" oid="B0D16726-95DE-351E-F029-DAE6C9D8B707" otype="Table" vid="B146988C-6A81-0C8B-443F-104D474BDE8E">
<hideElementsInCurrentOnly>false</hideElementsInCurrentOnly>
<bounds x="659" y="10" width="325" height="149"/>
</OView>
<OView class="oracle.dbtools.crest.swingui.relational.TVTable" oid="D345EB40-BC46-B088-B95E-9EA91129C94B" otype="Table" vid="A764E726-C7B1-AEB5-E6DC-1E3DF04DB5A6">
<hideElementsInCurrentOnly>false</hideElementsInCurrentOnly>
<bounds x="330" y="159" width="259" height="136"/>
</OView>
<OView class="oracle.dbtools.crest.swingui.relational.TVTable" oid="F6158226-C147-3F5D-1871-B2114C334A71" otype="Table" vid="EE757C3F-E8FD-303E-7459-19F199DF19C2">
<hideElementsInCurrentOnly>false</hideElementsInCurrentOnly>
<bounds x="10" y="37" width="226" height="154"/>
</OView>
</objectViews>
<connectors>
<Connector class="oracle.dbtools.crest.swingui.relational.TVFKRelation" oid="0D632EBD-FE40-948A-922D-331E4DA2E596" otype="FKIndexAssociation" vid_source="A764E726-C7B1-AEB5-E6DC-1E3DF04DB5A6" vid_target="B146988C-6A81-0C8B-443F-104D474BDE8E">
<hideElementsInCurrentOnly>false</hideElementsInCurrentOnly>
<backgroundColor>-16777216</backgroundColor>
<lineWidth>1</lineWidth>
<points>
<point x="589" y="159"/>
<point x="809" y="159"/>
</points>
</Connector>
<Connector class="oracle.dbtools.crest.swingui.relational.TVFKRelation" oid="49E1C32A-B1EB-C78B-7BE4-E073E31F31FF" otype="FKIndexAssociation" vid_source="B146988C-6A81-0C8B-443F-104D474BDE8E" vid_target="8813D9E6-1738-B458-A8F0-12F6A3A67DF1">
<hideElementsInCurrentOnly>false</hideElementsInCurrentOnly>
<backgroundColor>-16777216</backgroundColor>
<lineWidth>1</lineWidth>
<points>
<point x="851" y="159"/>
<point x="851" y="393"/>
</points>
</Connector>
<Connector class="oracle.dbtools.crest.swingui.relational.TVFKRelation" oid="710EF574-F3EA-51BA-561F-9EC4741D9CEE" otype="FKIndexAssociation" vid_source="EE757C3F-E8FD-303E-7459-19F199DF19C2" vid_target="5B6F2F94-E89F-E8A7-2E8A-310ECCBA61E2">
<hideElementsInCurrentOnly>false</hideElementsInCurrentOnly>
<backgroundColor>-16777216</backgroundColor>
<lineWidth>1</lineWidth>
<points>
<point x="47" y="191"/>
<point x="47" y="392"/>
<point x="110" y="392"/>
</points>
</Connector>
<Connector class="oracle.dbtools.crest.swingui.relational.TVFKRelation" oid="94D25D0D-846D-42C2-F1E2-8F11ACF91434" otype="FKIndexAssociation" vid_source="5B6F2F94-E89F-E8A7-2E8A-310ECCBA61E2" vid_target="8813D9E6-1738-B458-A8F0-12F6A3A67DF1">
<hideElementsInCurrentOnly>false</hideElementsInCurrentOnly>
<backgroundColor>-16777216</backgroundColor>
<lineWidth>1</lineWidth>
<points>
<point x="401" y="435"/>
<point x="437" y="435"/>
</points>
</Connector>
<Connector class="oracle.dbtools.crest.swingui.relational.TVFKRelation" oid="F00A9C72-8BDE-CBE6-4327-71651DB90A58" otype="FKIndexAssociation" vid_source="A764E726-C7B1-AEB5-E6DC-1E3DF04DB5A6" vid_target="5B6F2F94-E89F-E8A7-2E8A-310ECCBA61E2">
<hideElementsInCurrentOnly>false</hideElementsInCurrentOnly>
<backgroundColor>-16777216</backgroundColor>
<lineWidth>1</lineWidth>
<points>
<point x="380" y="295"/>
<point x="401" y="389"/>
</points>
</Connector>
</connectors>
</Diagram>