<?xml version = '1.0' encoding = 'UTF-8'?>
<Entity class="oracle.dbtools.crest.model.design.logical.Entity" directorySegmentName="seg_0" id="448DC3C0-AE9B-FE0F-0A60-B88FF8022F94" name="T_CHATBOT_MATRICULA">
<createdBy>logonrmlocal</createdBy>
<createdTime>2019-09-30 12:32:06 UTC</createdTime>
<ownerDesignName>TALVEZ_SUCESSO</ownerDesignName>
<engineerTo>
<item key="E54C842B-830A-6018-74D2-0C3DF1475CB6" value="true"/>
</engineerTo>
<adequatelyNormalized>NO</adequatelyNormalized>
<expectedVolumes>0</expectedVolumes>
<fwdEngineeringStrategyName>Single Table</fwdEngineeringStrategyName>
<growthPercent>0</growthPercent>
<growthType>Year</growthType>
<maxVolumes>9999999</maxVolumes>
<minVolumes>0</minVolumes>
<normalForm>Third</normalForm>
<attributes itemClass="oracle.dbtools.crest.model.design.logical.Attribute">
<Attribute name="nr_rm" id="AC62A2FF-C0C0-E50E-CC6E-398B9E2387DD">
<createdBy>logonrmlocal</createdBy>
<createdTime>2019-09-30 12:32:06 UTC</createdTime>
<generatorID>076E45F2-7006-C5E8-FE0E-F474589AA24A</generatorID>
<ownerDesignName>TALVEZ_SUCESSO</ownerDesignName>
<importedID>B125EE26-F54F-D376-DE98-5B4D52594068</importedID>
<engineerTo>
<item key="E54C842B-830A-6018-74D2-0C3DF1475CB6" value="true"/>
</engineerTo>
<referedAttribute>F5D1F429-4DC1-6EED-1BBF-038E2BDC7962</referedAttribute>
<useDomainConstraints>false</useDomainConstraints>
<use>1</use>
<logicalDatatype>LOGDT019</logicalDatatype>
<dataTypePrecision>5</dataTypePrecision>
<ownDataTypeParameters>,,</ownDataTypeParameters>
</Attribute>
<Attribute name="cd_disciplina" id="DD72A521-BE12-F9EA-1BA8-1032D6C738E4">
<createdBy>logonrmlocal</createdBy>
<createdTime>2019-10-03 12:10:14 UTC</createdTime>
<generatorID>CE6F5CB3-BF98-1775-D93F-E85A855B6292</generatorID>
<ownerDesignName>TALVEZ_SUCESSO</ownerDesignName>
<engineerTo>
<item key="E54C842B-830A-6018-74D2-0C3DF1475CB6" value="true"/>
</engineerTo>
<referedAttribute>A7D7F664-121C-7713-77A5-016EDF9FF8CC</referedAttribute>
<useDomainConstraints>false</useDomainConstraints>
<use>1</use>
<logicalDatatype>LOGDT019</logicalDatatype>
<dataTypePrecision>2</dataTypePrecision>
<ownDataTypeParameters>,,</ownDataTypeParameters>
</Attribute>
<Attribute name="dt_inicio" id="20D9E8D9-23C0-606B-BF78-978AA128DBF9">
<createdBy>logonrmlocal</createdBy>
<createdTime>2019-09-30 12:32:06 UTC</createdTime>
<ownerDesignName>TALVEZ_SUCESSO</ownerDesignName>
<importedID>5CC27D0A-9A6C-1B44-7404-592623FC7C0F</importedID>
<engineerTo>
<item key="E54C842B-830A-6018-74D2-0C3DF1475CB6" value="true"/>
</engineerTo>
<useDomainConstraints>false</useDomainConstraints>
<use>1</use>
<logicalDatatype>LOGDT007</logicalDatatype>
<ownDataTypeParameters>,,</ownDataTypeParameters>
</Attribute>
<Attribute name="dt_termino" id="D8A90666-91AE-1283-9CCB-57D0F8D41058">
<createdBy>logonrmlocal</createdBy>
<createdTime>2019-09-30 12:32:06 UTC</createdTime>
<ownerDesignName>TALVEZ_SUCESSO</ownerDesignName>
<importedID>0C74DE49-A0E3-4C22-CFF8-573F31B4EBB1</importedID>
<engineerTo>
<item key="E54C842B-830A-6018-74D2-0C3DF1475CB6" value="true"/>
</engineerTo>
<nullsAllowed>true</nullsAllowed>
<useDomainConstraints>false</useDomainConstraints>
<use>1</use>
<logicalDatatype>LOGDT007</logicalDatatype>
<ownDataTypeParameters>,,</ownDataTypeParameters>
</Attribute>
</attributes>
<identifiers itemClass="oracle.dbtools.crest.model.design.logical.CandidateKey">
<identifier id="AF9FE5B0-0F45-80B2-3A57-3A0A1BAC7681" name="T_CHATBOT_MATRICULA PK">
<createdBy>logonrmlocal</createdBy>
<createdTime>2019-09-30 12:32:06 UTC</createdTime>
<ownerDesignName>TALVEZ_SUCESSO</ownerDesignName>
<shouldEngineer>false</shouldEngineer>
<engineerTo>
<item key="E54C842B-830A-6018-74D2-0C3DF1475CB6" value="false"/>
</engineerTo>
<pk>true</pk>
<usedAttributes>
<attributeRef>AC62A2FF-C0C0-E50E-CC6E-398B9E2387DD</attributeRef>
<attributeRef>DD72A521-BE12-F9EA-1BA8-1032D6C738E4</attributeRef>
</usedAttributes>
</identifier>
</identifiers>
</Entity>