<?xml version = '1.0' encoding = 'UTF-8'?>
<Entity class="oracle.dbtools.crest.model.design.logical.Entity" directorySegmentName="seg_0" id="466E111A-3F5C-E5E3-E8FF-AF1BC2778D7A" name="T_CHATBOT_PROGRESSAO">
<createdBy>logonrmlocal</createdBy>
<createdTime>2019-09-30 12:32:06 UTC</createdTime>
<ownerDesignName>TALVEZ_SUCESSO</ownerDesignName>
<engineerTo>
<item key="E54C842B-830A-6018-74D2-0C3DF1475CB6" value="true"/>
</engineerTo>
<adequatelyNormalized>NO</adequatelyNormalized>
<expectedVolumes>0</expectedVolumes>
<fwdEngineeringStrategyName>Single Table</fwdEngineeringStrategyName>
<growthPercent>0</growthPercent>
<growthType>Year</growthType>
<maxVolumes>9999999</maxVolumes>
<minVolumes>0</minVolumes>
<normalForm>Third</normalForm>
<attributes itemClass="oracle.dbtools.crest.model.design.logical.Attribute">
<Attribute name="cd_conteudo" id="6D1A038B-76A2-0795-C577-3D9ADD1A906E">
<createdBy>logonrmlocal</createdBy>
<createdTime>2019-10-03 12:12:52 UTC</createdTime>
<generatorID>3760811E-1C57-E611-6CF6-715627112835</generatorID>
<ownerDesignName>TALVEZ_SUCESSO</ownerDesignName>
<engineerTo>
<item key="E54C842B-830A-6018-74D2-0C3DF1475CB6" value="true"/>
</engineerTo>
<referedAttribute>080C32F6-9728-BCDB-195A-364FE0CB894E</referedAttribute>
<useDomainConstraints>false</useDomainConstraints>
<use>1</use>
<logicalDatatype>LOGDT019</logicalDatatype>
<dataTypePrecision>3</dataTypePrecision>
<ownDataTypeParameters>,,</ownDataTypeParameters>
</Attribute>
<Attribute name="nr_rm" id="C702A95F-7BFE-A419-652B-173B8F41C4D1">
<createdBy>logonrmlocal</createdBy>
<createdTime>2019-10-03 12:14:01 UTC</createdTime>
<generatorID>C8F7C5E1-418C-B36A-01D0-79ACD1B2E9D8</generatorID>
<ownerDesignName>TALVEZ_SUCESSO</ownerDesignName>
<engineerTo>
<item key="E54C842B-830A-6018-74D2-0C3DF1475CB6" value="true"/>
</engineerTo>
<referedAttribute>AC62A2FF-C0C0-E50E-CC6E-398B9E2387DD</referedAttribute>
<useDomainConstraints>false</useDomainConstraints>
<use>1</use>
<logicalDatatype>LOGDT019</logicalDatatype>
<dataTypePrecision>5</dataTypePrecision>
<ownDataTypeParameters>,,</ownDataTypeParameters>
</Attribute>
<Attribute name="cd_disciplina" id="1B96DB72-DC97-2370-68FB-C31A4CD670D4">
<createdBy>logonrmlocal</createdBy>
<createdTime>2019-10-03 12:14:01 UTC</createdTime>
<generatorID>C8F7C5E1-418C-B36A-01D0-79ACD1B2E9D8</generatorID>
<ownerDesignName>TALVEZ_SUCESSO</ownerDesignName>
<engineerTo>
<item key="E54C842B-830A-6018-74D2-0C3DF1475CB6" value="true"/>
</engineerTo>
<referedAttribute>DD72A521-BE12-F9EA-1BA8-1032D6C738E4</referedAttribute>
<useDomainConstraints>false</useDomainConstraints>
<use>1</use>
<logicalDatatype>LOGDT019</logicalDatatype>
<dataTypePrecision>2</dataTypePrecision>
<ownDataTypeParameters>,,</ownDataTypeParameters>
</Attribute>
<Attribute name="st_status" id="5D105756-330D-13B2-732C-D5592E420AF6">
<createdBy>logonrmlocal</createdBy>
<createdTime>2019-09-30 12:32:06 UTC</createdTime>
<ownerDesignName>TALVEZ_SUCESSO</ownerDesignName>
<importedID>4C5F2EAF-D691-86E9-F19E-211F06E2799B</importedID>
<engineerTo>
<item key="E54C842B-830A-6018-74D2-0C3DF1475CB6" value="true"/>
</engineerTo>
<useDomainConstraints>false</useDomainConstraints>
<use>1</use>
<logicalDatatype>LOGDT019</logicalDatatype>
<dataTypePrecision>1</dataTypePrecision>
<ownDataTypeParameters>,1,</ownDataTypeParameters>
</Attribute>
<Attribute name="st_progressao" id="FD0CAF8C-3592-253E-E1F5-8F8ED9E26652">
<createdBy>logonrmlocal</createdBy>
<createdTime>2019-10-03 12:24:43 UTC</createdTime>
<ownerDesignName>TALVEZ_SUCESSO</ownerDesignName>
<engineerTo>
<item key="E54C842B-830A-6018-74D2-0C3DF1475CB6" value="true"/>
</engineerTo>
<useDomainConstraints>false</useDomainConstraints>
<use>1</use>
<logicalDatatype>LOGDT019</logicalDatatype>
<dataTypePrecision>3</dataTypePrecision>
<ownDataTypeParameters>,3,</ownDataTypeParameters>
</Attribute>
</attributes>
<identifiers itemClass="oracle.dbtools.crest.model.design.logical.CandidateKey">
<identifier id="3D3528B6-5B52-7452-4954-A916752EACAE" name="T_CHATBOT_PROGRESSAO PK">
<createdBy>logonrmlocal</createdBy>
<createdTime>2019-09-30 12:32:06 UTC</createdTime>
<ownerDesignName>TALVEZ_SUCESSO</ownerDesignName>
<engineerTo>
<item key="E54C842B-830A-6018-74D2-0C3DF1475CB6" value="true"/>
</engineerTo>
<pk>true</pk>
<usedAttributes>
<attributeRef>6D1A038B-76A2-0795-C577-3D9ADD1A906E</attributeRef>
<attributeRef>C702A95F-7BFE-A419-652B-173B8F41C4D1</attributeRef>
<attributeRef>1B96DB72-DC97-2370-68FB-C31A4CD670D4</attributeRef>
</usedAttributes>
</identifier>
</identifiers>
</Entity>