<?xml version = '1.0' encoding = 'UTF-8'?>
<Entity class="oracle.dbtools.crest.model.design.logical.Entity" directorySegmentName="seg_0" id="5BD16281-DC3B-0FAF-8D94-593C477CC7B2" name="T_CHATBOT_CONTEUDO">
<createdBy>logonrmlocal</createdBy>
<createdTime>2019-09-30 12:32:06 UTC</createdTime>
<ownerDesignName>TALVEZ_SUCESSO</ownerDesignName>
<engineerTo>
<item key="E54C842B-830A-6018-74D2-0C3DF1475CB6" value="true"/>
</engineerTo>
<adequatelyNormalized>NO</adequatelyNormalized>
<expectedVolumes>0</expectedVolumes>
<fwdEngineeringStrategyName>Single Table</fwdEngineeringStrategyName>
<growthPercent>0</growthPercent>
<growthType>Year</growthType>
<maxVolumes>9999999</maxVolumes>
<minVolumes>0</minVolumes>
<normalForm>Third</normalForm>
<attributes itemClass="oracle.dbtools.crest.model.design.logical.Attribute">
<Attribute name="cd_conteudo" id="080C32F6-9728-BCDB-195A-364FE0CB894E">
<createdBy>logonrmlocal</createdBy>
<createdTime>2019-09-30 12:32:06 UTC</createdTime>
<ownerDesignName>TALVEZ_SUCESSO</ownerDesignName>
<importedID>98E8A961-095F-C89E-BCAD-E028EDD1E100</importedID>
<engineerTo>
<item key="E54C842B-830A-6018-74D2-0C3DF1475CB6" value="true"/>
</engineerTo>
<useDomainConstraints>false</useDomainConstraints>
<use>1</use>
<logicalDatatype>LOGDT019</logicalDatatype>
<dataTypePrecision>3</dataTypePrecision>
<ownDataTypeParameters>,3,</ownDataTypeParameters>
</Attribute>
<Attribute name="cd_disciplina" id="48C78BE3-59EF-EB30-B4D4-A02D4F5E3B92">
<createdBy>logonrmlocal</createdBy>
<createdTime>2019-10-03 12:10:14 UTC</createdTime>
<generatorID>67743DD2-2F90-3200-188A-DBAE76ECDFB8</generatorID>
<ownerDesignName>TALVEZ_SUCESSO</ownerDesignName>
<engineerTo>
<item key="E54C842B-830A-6018-74D2-0C3DF1475CB6" value="true"/>
</engineerTo>
<referedAttribute>A7D7F664-121C-7713-77A5-016EDF9FF8CC</referedAttribute>
<useDomainConstraints>false</useDomainConstraints>
<use>1</use>
<logicalDatatype>LOGDT019</logicalDatatype>
<dataTypePrecision>2</dataTypePrecision>
<ownDataTypeParameters>,,</ownDataTypeParameters>
</Attribute>
<Attribute name="ds_titulo" id="9E013424-C832-B8D1-F45E-B6755F207F80">
<createdBy>logonrmlocal</createdBy>
<createdTime>2019-09-30 12:32:06 UTC</createdTime>
<ownerDesignName>TALVEZ_SUCESSO</ownerDesignName>
<importedID>71EEC9F0-ED39-3EFC-2749-5A6D6C0ECD25</importedID>
<engineerTo>
<item key="E54C842B-830A-6018-74D2-0C3DF1475CB6" value="true"/>
</engineerTo>
<useDomainConstraints>false</useDomainConstraints>
<use>1</use>
<logicalDatatype>LOGDT024</logicalDatatype>
<dataTypeSize>80</dataTypeSize>
<ownDataTypeParameters>80,,</ownDataTypeParameters>
</Attribute>
<Attribute name="lc_conteudo" id="CDEAA87A-CCFC-EC11-96C0-C43287BAAEF7">
<createdBy>logonrmlocal</createdBy>
<createdTime>2019-10-03 12:20:16 UTC</createdTime>
<ownerDesignName>TALVEZ_SUCESSO</ownerDesignName>
<engineerTo>
<item key="E54C842B-830A-6018-74D2-0C3DF1475CB6" value="true"/>
</engineerTo>
<useDomainConstraints>false</useDomainConstraints>
<use>1</use>
<logicalDatatype>LOGDT024</logicalDatatype>
<dataTypeSize>50</dataTypeSize>
<ownDataTypeParameters>50,,</ownDataTypeParameters>
</Attribute>
</attributes>
<identifiers itemClass="oracle.dbtools.crest.model.design.logical.CandidateKey">
<identifier id="6639830F-C151-7E30-7566-59D9A1A20605" name="T_CHATBOT_CONTEUDO PK">
<createdBy>logonrmlocal</createdBy>
<createdTime>2019-09-30 12:32:06 UTC</createdTime>
<ownerDesignName>TALVEZ_SUCESSO</ownerDesignName>
<shouldEngineer>false</shouldEngineer>
<engineerTo>
<item key="E54C842B-830A-6018-74D2-0C3DF1475CB6" value="false"/>
</engineerTo>
<pk>true</pk>
<usedAttributes>
<attributeRef>080C32F6-9728-BCDB-195A-364FE0CB894E</attributeRef>
</usedAttributes>
</identifier>
</identifiers>
</Entity>