<?xml version = '1.0' encoding = 'UTF-8'?>
<Entity class="oracle.dbtools.crest.model.design.logical.Entity" directorySegmentName="seg_0" id="A6275559-2148-9D47-29A3-027E63FB9C8D" name="T_CHATBOT_DISCIPLINA">
<createdBy>logonrmlocal</createdBy>
<createdTime>2019-09-30 12:32:06 UTC</createdTime>
<ownerDesignName>TALVEZ_SUCESSO</ownerDesignName>
<engineerTo>
<item key="E54C842B-830A-6018-74D2-0C3DF1475CB6" value="true"/>
</engineerTo>
<adequatelyNormalized>NO</adequatelyNormalized>
<expectedVolumes>0</expectedVolumes>
<fwdEngineeringStrategyName>Single Table</fwdEngineeringStrategyName>
<growthPercent>0</growthPercent>
<growthType>Year</growthType>
<maxVolumes>9999999</maxVolumes>
<minVolumes>0</minVolumes>
<normalForm>Third</normalForm>
<attributes itemClass="oracle.dbtools.crest.model.design.logical.Attribute">
<Attribute name="cd_disciplina" id="A7D7F664-121C-7713-77A5-016EDF9FF8CC">
<createdBy>logonrmlocal</createdBy>
<createdTime>2019-09-30 12:32:06 UTC</createdTime>
<ownerDesignName>TALVEZ_SUCESSO</ownerDesignName>
<importedID>C0A2B58B-F271-FADE-D0E4-7C280A8FE5CC</importedID>
<engineerTo>
<item key="E54C842B-830A-6018-74D2-0C3DF1475CB6" value="true"/>
</engineerTo>
<useDomainConstraints>false</useDomainConstraints>
<use>1</use>
<logicalDatatype>LOGDT019</logicalDatatype>
<dataTypePrecision>2</dataTypePrecision>
<ownDataTypeParameters>,2,</ownDataTypeParameters>
</Attribute>
<Attribute name="nm_disciplina" id="7F6C23B7-CE96-66D6-AE35-B02701A0642E">
<createdBy>logonrmlocal</createdBy>
<createdTime>2019-09-30 12:32:06 UTC</createdTime>
<ownerDesignName>TALVEZ_SUCESSO</ownerDesignName>
<importedID>CD013BC1-7FF3-71CF-A1A5-38CEB5DE480D</importedID>
<engineerTo>
<item key="E54C842B-830A-6018-74D2-0C3DF1475CB6" value="true"/>
</engineerTo>
<useDomainConstraints>false</useDomainConstraints>
<use>1</use>
<logicalDatatype>LOGDT024</logicalDatatype>
<dataTypeSize>30</dataTypeSize>
<ownDataTypeParameters>30,,</ownDataTypeParameters>
</Attribute>
<Attribute name="st_status" id="335184D1-73F4-0104-978E-76C84D82BC36">
<createdBy>logonrmlocal</createdBy>
<createdTime>2019-09-30 12:32:06 UTC</createdTime>
<ownerDesignName>TALVEZ_SUCESSO</ownerDesignName>
<importedID>C3F94EC1-2D36-99C8-B97C-0744715D9F92</importedID>
<engineerTo>
<item key="E54C842B-830A-6018-74D2-0C3DF1475CB6" value="true"/>
</engineerTo>
<useDomainConstraints>false</useDomainConstraints>
<use>1</use>
<logicalDatatype>LOGDT019</logicalDatatype>
<dataTypePrecision>1</dataTypePrecision>
<ownDataTypeParameters>,1,</ownDataTypeParameters>
</Attribute>
</attributes>
<identifiers itemClass="oracle.dbtools.crest.model.design.logical.CandidateKey">
<identifier id="91D1BB59-DF55-C3A2-7CCF-B976A6825D5D" name="T_CHATBOT_DISCIPLINA PK">
<createdBy>logonrmlocal</createdBy>
<createdTime>2019-09-30 12:32:06 UTC</createdTime>
<ownerDesignName>TALVEZ_SUCESSO</ownerDesignName>
<shouldEngineer>false</shouldEngineer>
<engineerTo>
<item key="E54C842B-830A-6018-74D2-0C3DF1475CB6" value="false"/>
</engineerTo>
<pk>true</pk>
<usedAttributes>
<attributeRef>A7D7F664-121C-7713-77A5-016EDF9FF8CC</attributeRef>
</usedAttributes>
</identifier>
</identifiers>
</Entity>