<?xml version = '1.0' encoding = 'UTF-8'?>
<FKIndexAssociation class="oracle.dbtools.crest.model.design.relational.FKIndexAssociation" directorySegmentName="seg_0" id="556809F4-F681-60F8-4BFA-D32BF819EDE3" containerWithKeyObject="4C32988E-45C6-6D18-5EFA-FB02BE39F8F5" localFKIndex="55251D25-629E-98C1-E27D-18E8532B03A7" name="FK_PROG_MATRIC">
<createdBy>Leonard</createdBy>
<createdTime>2019-10-05 16:49:28 UTC</createdTime>
<generatorID>C8F7C5E1-418C-B36A-01D0-79ACD1B2E9D8</generatorID>
<ownerDesignName>CHATBOT_FABIA</ownerDesignName>
<referredTableLongName>T_CHATBOT_MATRICULA</referredTableLongName>
<deleteRule>NO ACTION</deleteRule>
<referredTableID>DC6FE0B4-C46E-6DB0-3B5E-8D4C70854BA0</referredTableID>
<keyObject>14F2DDB8-0335-4CD9-A7B4-9452861A076A</keyObject>
<referredKeyID>14F2DDB8-0335-4CD9-A7B4-9452861A076A</referredKeyID>
<mandatory>true</mandatory>
<refColNames>nr_rm,cd_disciplina</refColNames>
<transferable>true</transferable>
<rely>false</rely>
<columnDependencyConstraintGenerateInDDL>true</columnDependencyConstraintGenerateInDDL>
</FKIndexAssociation>