<?xml version = '1.0' encoding = 'UTF-8'?>
<FKIndexAssociation class="oracle.dbtools.crest.model.design.relational.FKIndexAssociation" directorySegmentName="seg_0" id="83E94B6C-38E5-BEA1-DBC0-1CA7C59A7531" containerWithKeyObject="4C32988E-45C6-6D18-5EFA-FB02BE39F8F5" localFKIndex="DA800B41-247B-AF4D-E365-94C64E2BEC14" name="FK_PROG_CONT">
<createdBy>Leonard</createdBy>
<createdTime>2019-10-05 16:49:28 UTC</createdTime>
<generatorID>3760811E-1C57-E611-6CF6-715627112835</generatorID>
<ownerDesignName>CHATBOT_FABIA</ownerDesignName>
<referredTableLongName>T_CHATBOT_CONTEUDO</referredTableLongName>
<deleteRule>NO ACTION</deleteRule>
<referredTableID>D6CCDAA3-B4FE-3E46-7425-EDCFAF58C188</referredTableID>
<keyObject>8FA2DDCD-F0C2-F550-B3CE-FBEDE352F909</keyObject>
<referredKeyID>8FA2DDCD-F0C2-F550-B3CE-FBEDE352F909</referredKeyID>
<mandatory>true</mandatory>
<refColNames>cd_conteudo</refColNames>
<transferable>true</transferable>
<rely>false</rely>
<columnDependencyConstraintGenerateInDDL>true</columnDependencyConstraintGenerateInDDL>
</FKIndexAssociation>