<?xml version = '1.0' encoding = 'UTF-8'?>
<FKIndexAssociation class="oracle.dbtools.crest.model.design.relational.FKIndexAssociation" directorySegmentName="seg_0" id="D34F6079-725B-C0D1-6DCE-36E35A5FF1FE" containerWithKeyObject="DC6FE0B4-C46E-6DB0-3B5E-8D4C70854BA0" localFKIndex="6DF587FD-A853-F505-4EDA-00B2C05E77C8" name="FK_MATRIC_ALUNO">
<createdBy>Leonard</createdBy>
<createdTime>2019-10-05 16:49:28 UTC</createdTime>
<generatorID>076E45F2-7006-C5E8-FE0E-F474589AA24A</generatorID>
<ownerDesignName>CHATBOT_FABIA</ownerDesignName>
<referredTableLongName>T_CHATBOT_ALUNO</referredTableLongName>
<deleteRule>NO ACTION</deleteRule>
<referredTableID>218A678C-9567-A5AF-F117-4DB43C21BD3D</referredTableID>
<keyObject>49D0B659-8583-CB47-F592-3372517D3844</keyObject>
<referredKeyID>49D0B659-8583-CB47-F592-3372517D3844</referredKeyID>
<mandatory>true</mandatory>
<refColNames>nr_rm</refColNames>
<transferable>true</transferable>
<rely>false</rely>
<columnDependencyConstraintGenerateInDDL>true</columnDependencyConstraintGenerateInDDL>
</FKIndexAssociation>