<?xml version = '1.0' encoding = 'UTF-8'?>
<Relation class="oracle.dbtools.crest.model.design.logical.Relation" name="REALIZAR" directorySegmentName="seg_0" id="076E45F2-7006-C5E8-FE0E-F474589AA24A">
<createdBy>logonrmlocal</createdBy>
<createdTime>2019-09-30 12:32:06 UTC</createdTime>
<ownerDesignName>CHATBOT_FABIA</ownerDesignName>
<engineerTo>
<item key="5D8F3A90-0F1F-F6F5-532D-CC83D1F932B9" value="true"/>
</engineerTo>
<sourcePk>6D45563B-154D-C84B-4D0D-912D36E301BA</sourcePk>
<identifying>true</identifying>
<optionalSource>true</optionalSource>
<optionalTarget>false</optionalTarget>
<sourceCardinality>1</sourceCardinality>
<sourceEntity>72429E9A-D6EB-31D9-6B16-AFFC8D04BAC6</sourceEntity>
<targetCardinalityString>*</targetCardinalityString>
<targetEntity>448DC3C0-AE9B-FE0F-0A60-B88FF8022F94</targetEntity>
<transferable>true</transferable>
<deleteRule>NO ACTION</deleteRule>
</Relation>