<?xml version = '1.0' encoding = 'UTF-8'?>
<Relation class="oracle.dbtools.crest.model.design.logical.Relation" name="TER" directorySegmentName="seg_0" id="CE6F5CB3-BF98-1775-D93F-E85A855B6292">
<createdBy>logonrmlocal</createdBy>
<createdTime>2019-09-30 12:32:06 UTC</createdTime>
<ownerDesignName>CHATBOT_FABIA</ownerDesignName>
<engineerTo>
<item key="5D8F3A90-0F1F-F6F5-532D-CC83D1F932B9" value="true"/>
</engineerTo>
<sourcePk>91D1BB59-DF55-C3A2-7CCF-B976A6825D5D</sourcePk>
<identifying>true</identifying>
<optionalSource>true</optionalSource>
<optionalTarget>false</optionalTarget>
<sourceCardinality>1</sourceCardinality>
<sourceEntity>A6275559-2148-9D47-29A3-027E63FB9C8D</sourceEntity>
<targetCardinalityString>*</targetCardinalityString>
<targetEntity>448DC3C0-AE9B-FE0F-0A60-B88FF8022F94</targetEntity>
<transferable>true</transferable>
<deleteRule>NO ACTION</deleteRule>
</Relation>