<?xml version = '1.0' encoding = 'UTF-8'?>
<Relation class="oracle.dbtools.crest.model.design.logical.Relation" name="POSSUI" directorySegmentName="seg_0" id="3760811E-1C57-E611-6CF6-715627112835">
<createdBy>logonrmlocal</createdBy>
<createdTime>2019-10-03 12:12:52 UTC</createdTime>
<ownerDesignName>CHATBOT_FABIA</ownerDesignName>
<engineerTo>
<item key="5D8F3A90-0F1F-F6F5-532D-CC83D1F932B9" value="true"/>
</engineerTo>
<sourcePk>6639830F-C151-7E30-7566-59D9A1A20605</sourcePk>
<identifying>true</identifying>
<optionalSource>true</optionalSource>
<optionalTarget>false</optionalTarget>
<sourceCardinality>1</sourceCardinality>
<sourceEntity>5BD16281-DC3B-0FAF-8D94-593C477CC7B2</sourceEntity>
<targetCardinalityString>*</targetCardinalityString>
<targetEntity>466E111A-3F5C-E5E3-E8FF-AF1BC2778D7A</targetEntity>
<transferable>true</transferable>
<deleteRule>NO ACTION</deleteRule>
</Relation>