<?xml version = '1.0' encoding = 'UTF-8'?>
<Relation class="oracle.dbtools.crest.model.design.logical.Relation" name="ASSOCIADO" directorySegmentName="seg_0" id="67743DD2-2F90-3200-188A-DBAE76ECDFB8">
<createdBy>logonrmlocal</createdBy>
<createdTime>2019-09-30 12:32:06 UTC</createdTime>
<ownerDesignName>CHATBOT_FABIA</ownerDesignName>
<engineerTo>
<item key="5D8F3A90-0F1F-F6F5-532D-CC83D1F932B9" value="true"/>
</engineerTo>
<sourcePk>91D1BB59-DF55-C3A2-7CCF-B976A6825D5D</sourcePk>
<identifying>false</identifying>
<optionalSource>false</optionalSource>
<optionalTarget>false</optionalTarget>
<sourceCardinality>1</sourceCardinality>
<sourceEntity>A6275559-2148-9D47-29A3-027E63FB9C8D</sourceEntity>
<targetCardinalityString>*</targetCardinalityString>
<targetEntity>5BD16281-DC3B-0FAF-8D94-593C477CC7B2</targetEntity>
<transferable>true</transferable>
<deleteRule>NO ACTION</deleteRule>
</Relation>