<?xml version = '1.0' encoding = 'UTF-8'?>
<Relation class="oracle.dbtools.crest.model.design.logical.Relation" name="TEM" directorySegmentName="seg_0" id="C8F7C5E1-418C-B36A-01D0-79ACD1B2E9D8">
<createdBy>logonrmlocal</createdBy>
<createdTime>2019-09-30 12:32:06 UTC</createdTime>
<ownerDesignName>CHATBOT_FABIA</ownerDesignName>
<engineerTo>
<item key="5D8F3A90-0F1F-F6F5-532D-CC83D1F932B9" value="true"/>
</engineerTo>
<sourcePk>AF9FE5B0-0F45-80B2-3A57-3A0A1BAC7681</sourcePk>
<identifying>true</identifying>
<optionalSource>true</optionalSource>
<optionalTarget>false</optionalTarget>
<sourceCardinality>1</sourceCardinality>
<sourceEntity>448DC3C0-AE9B-FE0F-0A60-B88FF8022F94</sourceEntity>
<targetCardinalityString>*</targetCardinalityString>
<targetEntity>466E111A-3F5C-E5E3-E8FF-AF1BC2778D7A</targetEntity>
<transferable>true</transferable>
<deleteRule>NO ACTION</deleteRule>
</Relation>