<?xml version = '1.0' encoding = 'UTF-8'?>
<FKIndexAssociation class="oracle.dbtools.crest.model.design.relational.FKIndexAssociation" directorySegmentName="seg_0" id="0D632EBD-FE40-948A-922D-331E4DA2E596" containerWithKeyObject="B0D16726-95DE-351E-F029-DAE6C9D8B707" localFKIndex="C1309BC9-242D-832C-6F2D-F2B08CA10548" name="T_CHATBOT_CONTEUDO_T_CHATBOT_DISCIPLINA_FK">
<createdBy>logonrmlocal</createdBy>
<createdTime>2019-09-30 12:34:56 UTC</createdTime>
<generatorID>67743DD2-2F90-3200-188A-DBAE76ECDFB8</generatorID>
<ownerDesignName>TALVEZ_SUCESSO</ownerDesignName>
<referredTableLongName>T_CHATBOT_DISCIPLINA</referredTableLongName>
<deleteRule>NO ACTION</deleteRule>
<referredTableID>D345EB40-BC46-B088-B95E-9EA91129C94B</referredTableID>
<keyObject>F56DD34C-E2BC-50E2-170B-0B2CFF34B0E7</keyObject>
<referredKeyID>F56DD34C-E2BC-50E2-170B-0B2CFF34B0E7</referredKeyID>
<mandatory>true</mandatory>
<refColNames>cd_disciplina</refColNames>
<transferable>true</transferable>
<rely>false</rely>
<columnDependencyConstraintGenerateInDDL>true</columnDependencyConstraintGenerateInDDL>
</FKIndexAssociation>