<?xml version = '1.0' encoding = 'UTF-8'?>
<FKIndexAssociation class="oracle.dbtools.crest.model.design.relational.FKIndexAssociation" directorySegmentName="seg_0" id="49E1C32A-B1EB-C78B-7BE4-E073E31F31FF" containerWithKeyObject="39CA7DE3-4C1D-CB9E-A959-F3A1CBE6341D" localFKIndex="4DF2B42D-B1D2-AE65-7E4E-D955BA6BC747" name="T_CHATBOT_PROGRESSAO_T_CHATBOT_CONTEUDO_FK">
<createdBy>logonrmlocal</createdBy>
<createdTime>2019-09-30 12:34:56 UTC</createdTime>
<generatorID>D938E1DA-A7F5-8C10-BE55-4E070746F103</generatorID>
<ownerDesignName>TALVEZ_SUCESSO</ownerDesignName>
<referredTableLongName>T_CHATBOT_CONTEUDO</referredTableLongName>
<deleteRule>NO ACTION</deleteRule>
<referredTableID>B0D16726-95DE-351E-F029-DAE6C9D8B707</referredTableID>
<keyObject>77BB9F60-C287-0C9C-B51E-A27284FBFF66</keyObject>
<referredKeyID>77BB9F60-C287-0C9C-B51E-A27284FBFF66</referredKeyID>
<mandatory>true</mandatory>
<refColNames>cd_conteudo</refColNames>
<transferable>true</transferable>
<rely>false</rely>
<columnDependencyConstraintGenerateInDDL>true</columnDependencyConstraintGenerateInDDL>
</FKIndexAssociation>