<?xml version = '1.0' encoding = 'UTF-8'?>
<FKIndexAssociation class="oracle.dbtools.crest.model.design.relational.FKIndexAssociation" directorySegmentName="seg_0" id="710EF574-F3EA-51BA-561F-9EC4741D9CEE" containerWithKeyObject="0BBD9034-AABA-4165-6E7B-A3C36482FA75" localFKIndex="B302FDB0-D3CE-3867-9D34-45D3DBDDCE9B" name="T_CHATBOT_MATRICULA_T_CHATBOT_ALUNO_FK">
<createdBy>logonrmlocal</createdBy>
<createdTime>2019-09-30 12:34:56 UTC</createdTime>
<generatorID>076E45F2-7006-C5E8-FE0E-F474589AA24A</generatorID>
<ownerDesignName>TALVEZ_SUCESSO</ownerDesignName>
<referredTableLongName>T_CHATBOT_ALUNO</referredTableLongName>
<deleteRule>NO ACTION</deleteRule>
<referredTableID>F6158226-C147-3F5D-1871-B2114C334A71</referredTableID>
<keyObject>7408AF23-9E80-CF71-A3E5-C07947047D63</keyObject>
<referredKeyID>7408AF23-9E80-CF71-A3E5-C07947047D63</referredKeyID>
<mandatory>true</mandatory>
<refColNames>nr_rm</refColNames>
<transferable>true</transferable>
<rely>false</rely>
<columnDependencyConstraintGenerateInDDL>true</columnDependencyConstraintGenerateInDDL>
</FKIndexAssociation>