<?xml version = '1.0' encoding = 'UTF-8'?>
<FKIndexAssociation class="oracle.dbtools.crest.model.design.relational.FKIndexAssociation" directorySegmentName="seg_0" id="94D25D0D-846D-42C2-F1E2-8F11ACF91434" containerWithKeyObject="39CA7DE3-4C1D-CB9E-A959-F3A1CBE6341D" localFKIndex="4E670424-EAAA-6B22-68D5-FBD99D75413D" name="T_CHATBOT_PROGRESSAO_T_CHATBOT_MATRICULA_FK">
<createdBy>logonrmlocal</createdBy>
<createdTime>2019-09-30 12:34:56 UTC</createdTime>
<generatorID>C8F7C5E1-418C-B36A-01D0-79ACD1B2E9D8</generatorID>
<ownerDesignName>TALVEZ_SUCESSO</ownerDesignName>
<referredTableLongName>T_CHATBOT_MATRICULA</referredTableLongName>
<deleteRule>NO ACTION</deleteRule>
<referredTableID>0BBD9034-AABA-4165-6E7B-A3C36482FA75</referredTableID>
<keyObject>60577DDB-BEC9-9751-4449-FCAB989E133D</keyObject>
<referredKeyID>60577DDB-BEC9-9751-4449-FCAB989E133D</referredKeyID>
<mandatory>true</mandatory>
<refColNames>T_CHATBOT_ALUNO_nr_rm,T_CHATBOT_DISCIPLINA_cd_disciplina</refColNames>
<transferable>true</transferable>
<rely>false</rely>
<columnDependencyConstraintGenerateInDDL>true</columnDependencyConstraintGenerateInDDL>
</FKIndexAssociation>