<?xml version = '1.0' encoding = 'UTF-8'?>
<FKIndexAssociation class="oracle.dbtools.crest.model.design.relational.FKIndexAssociation" directorySegmentName="seg_0" id="F00A9C72-8BDE-CBE6-4327-71651DB90A58" containerWithKeyObject="0BBD9034-AABA-4165-6E7B-A3C36482FA75" localFKIndex="EC73E911-7A28-D909-D631-2715E3CB67B7" name="T_CHATBOT_MATRICULA_T_CHATBOT_DISCIPLINA_FK">
<createdBy>logonrmlocal</createdBy>
<createdTime>2019-09-30 12:34:56 UTC</createdTime>
<generatorID>CE6F5CB3-BF98-1775-D93F-E85A855B6292</generatorID>
<ownerDesignName>TALVEZ_SUCESSO</ownerDesignName>
<referredTableLongName>T_CHATBOT_DISCIPLINA</referredTableLongName>
<deleteRule>NO ACTION</deleteRule>
<referredTableID>D345EB40-BC46-B088-B95E-9EA91129C94B</referredTableID>
<keyObject>F56DD34C-E2BC-50E2-170B-0B2CFF34B0E7</keyObject>
<referredKeyID>F56DD34C-E2BC-50E2-170B-0B2CFF34B0E7</referredKeyID>
<mandatory>true</mandatory>
<refColNames>cd_disciplina</refColNames>
<transferable>true</transferable>
<rely>false</rely>
<columnDependencyConstraintGenerateInDDL>true</columnDependencyConstraintGenerateInDDL>
</FKIndexAssociation>