<?xml version = '1.0' encoding = 'UTF-8'?>
<Entity class="oracle.dbtools.crest.model.design.logical.Entity" directorySegmentName="seg_0" id="72429E9A-D6EB-31D9-6B16-AFFC8D04BAC6" name="T_CHATBOT_ALUNO">
<createdBy>logonrmlocal</createdBy>
<createdTime>2019-09-30 12:32:06 UTC</createdTime>
<ownerDesignName>CHATBOT_FABIA</ownerDesignName>
<engineerTo>
<item key="5D8F3A90-0F1F-F6F5-532D-CC83D1F932B9" value="true"/>
</engineerTo>
<adequatelyNormalized>NO</adequatelyNormalized>
<expectedVolumes>0</expectedVolumes>
<fwdEngineeringStrategyName>Single Table</fwdEngineeringStrategyName>
<growthPercent>0</growthPercent>
<growthType>Year</growthType>
<maxVolumes>9999999</maxVolumes>
<minVolumes>0</minVolumes>
<normalForm>Third</normalForm>
<attributes itemClass="oracle.dbtools.crest.model.design.logical.Attribute">
<Attribute name="nr_rm" id="F5D1F429-4DC1-6EED-1BBF-038E2BDC7962">
<createdBy>logonrmlocal</createdBy>
<createdTime>2019-09-30 12:32:06 UTC</createdTime>
<ownerDesignName>CHATBOT_FABIA</ownerDesignName>
<importedID>E85EF8CA-8426-F3D4-4C76-52D77FAD4EAE</importedID>
<engineerTo>
<item key="5D8F3A90-0F1F-F6F5-532D-CC83D1F932B9" value="true"/>
</engineerTo>
<useDomainConstraints>false</useDomainConstraints>
<use>1</use>
<logicalDatatype>LOGDT019</logicalDatatype>
<dataTypePrecision>5</dataTypePrecision>
<ownDataTypeParameters>,5,</ownDataTypeParameters>
</Attribute>
<Attribute name="nm_aluno" id="279980E2-9433-4788-98D4-AB680C9A949B">
<createdBy>logonrmlocal</createdBy>
<createdTime>2019-09-30 12:32:06 UTC</createdTime>
<ownerDesignName>CHATBOT_FABIA</ownerDesignName>
<importedID>6034B107-4A23-2209-826B-956B94DF8E8A</importedID>
<engineerTo>
<item key="5D8F3A90-0F1F-F6F5-532D-CC83D1F932B9" value="true"/>
</engineerTo>
<useDomainConstraints>false</useDomainConstraints>
<use>1</use>
<logicalDatatype>LOGDT024</logicalDatatype>
<dataTypeSize>50</dataTypeSize>
<ownDataTypeParameters>50,,</ownDataTypeParameters>
</Attribute>
<Attribute name="ds_email" id="515392C9-188F-8D18-9494-C1D0FC8C55ED">
<createdBy>logonrmlocal</createdBy>
<createdTime>2019-09-30 12:32:06 UTC</createdTime>
<ownerDesignName>CHATBOT_FABIA</ownerDesignName>
<importedID>D7C14AD6-7F52-DEFB-171C-AE7C908CCCD6</importedID>
<engineerTo>
<item key="5D8F3A90-0F1F-F6F5-532D-CC83D1F932B9" value="true"/>
</engineerTo>
<useDomainConstraints>false</useDomainConstraints>
<use>1</use>
<logicalDatatype>LOGDT024</logicalDatatype>
<dataTypeSize>70</dataTypeSize>
<ownDataTypeParameters>70,,</ownDataTypeParameters>
</Attribute>
<Attribute name="sn_aluno" id="515CE4E2-EBDF-EEA4-5FD4-906BBC108E11">
<createdBy>logonrmlocal</createdBy>
<createdTime>2019-09-30 12:32:06 UTC</createdTime>
<ownerDesignName>CHATBOT_FABIA</ownerDesignName>
<importedID>59D3E38A-9F88-1309-DD0F-B661B2388275</importedID>
<engineerTo>
<item key="5D8F3A90-0F1F-F6F5-532D-CC83D1F932B9" value="true"/>
</engineerTo>
<useDomainConstraints>false</useDomainConstraints>
<use>1</use>
<logicalDatatype>LOGDT024</logicalDatatype>
<dataTypeSize>20</dataTypeSize>
<ownDataTypeParameters>20,,</ownDataTypeParameters>
</Attribute>
<Attribute name="nr_telefone" id="047773E3-3D53-E22F-472B-37524907D1EA">
<createdBy>logonrmlocal</createdBy>
<createdTime>2019-09-30 12:32:06 UTC</createdTime>
<ownerDesignName>CHATBOT_FABIA</ownerDesignName>
<importedID>12455B48-7F13-621B-A9F3-7D40711B9232</importedID>
<engineerTo>
<item key="5D8F3A90-0F1F-F6F5-532D-CC83D1F932B9" value="true"/>
</engineerTo>
<nullsAllowed>true</nullsAllowed>
<useDomainConstraints>false</useDomainConstraints>
<use>1</use>
<logicalDatatype>LOGDT019</logicalDatatype>
<dataTypePrecision>11</dataTypePrecision>
<ownDataTypeParameters>,11,</ownDataTypeParameters>
</Attribute>
<Attribute name="nr_cpf" id="30F492A6-76F6-C6F0-44D0-A77E42A48708">
<createdBy>logonrmlocal</createdBy>
<createdTime>2019-09-30 12:32:06 UTC</createdTime>
<ownerDesignName>CHATBOT_FABIA</ownerDesignName>
<importedID>BCA46607-7B07-9AC8-03B6-2A48AC2A05AD</importedID>
<engineerTo>
<item key="5D8F3A90-0F1F-F6F5-532D-CC83D1F932B9" value="true"/>
</engineerTo>
<useDomainConstraints>false</useDomainConstraints>
<use>1</use>
<logicalDatatype>LOGDT019</logicalDatatype>
<dataTypePrecision>11</dataTypePrecision>
<ownDataTypeParameters>,11,</ownDataTypeParameters>
</Attribute>
<Attribute name="nr_cep" id="99D9505B-0D51-2C39-7F42-51292D402B0F">
<createdBy>logonrmlocal</createdBy>
<createdTime>2019-09-30 12:32:06 UTC</createdTime>
<ownerDesignName>CHATBOT_FABIA</ownerDesignName>
<importedID>0E22DC55-31B6-4D25-41BF-CD553B6DC8D9</importedID>
<engineerTo>
<item key="5D8F3A90-0F1F-F6F5-532D-CC83D1F932B9" value="true"/>
</engineerTo>
<useDomainConstraints>false</useDomainConstraints>
<use>1</use>
<logicalDatatype>LOGDT019</logicalDatatype>
<dataTypePrecision>8</dataTypePrecision>
<ownDataTypeParameters>,8,</ownDataTypeParameters>
</Attribute>
</attributes>
<identifiers itemClass="oracle.dbtools.crest.model.design.logical.CandidateKey">
<identifier id="6D45563B-154D-C84B-4D0D-912D36E301BA" name="PK_ALUNO">
<createdBy>logonrmlocal</createdBy>
<createdTime>2019-09-30 12:32:06 UTC</createdTime>
<ownerDesignName>CHATBOT_FABIA</ownerDesignName>
<engineerTo>
<item key="5D8F3A90-0F1F-F6F5-532D-CC83D1F932B9" value="true"/>
</engineerTo>
<pk>true</pk>
<newElementsIDs>F5D1F429-4DC1-6EED-1BBF-038E2BDC7962</newElementsIDs>
<usedAttributes>
<attributeRef>F5D1F429-4DC1-6EED-1BBF-038E2BDC7962</attributeRef>
</usedAttributes>
</identifier>
</identifiers>
</Entity>