<?xml version = '1.0' encoding = 'UTF-8'?>
<Table class="oracle.dbtools.crest.model.design.relational.Table" directorySegmentName="seg_0" id="4C32988E-45C6-6D18-5EFA-FB02BE39F8F5" name="T_CHATBOT_PROGRESSAO">
<createdBy>Leonard</createdBy>
<createdTime>2019-10-05 16:49:28 UTC</createdTime>
<generatorID>466E111A-3F5C-E5E3-E8FF-AF1BC2778D7A</generatorID>
<ownerDesignName>CHATBOT_FABIA</ownerDesignName>
<allowColumnReorder>false</allowColumnReorder>
<existDependencyGenerateInDDl>true</existDependencyGenerateInDDl>
<parsed>true</parsed>
<columns itemClass="oracle.dbtools.crest.model.design.relational.Column">
<Column name="cd_conteudo" id="FC51FFD7-630D-5353-8C2C-84D4824A298C">
<createdBy>Leonard</createdBy>
<createdTime>2019-10-05 16:49:28 UTC</createdTime>
<generatorID>6D1A038B-76A2-0795-C577-3D9ADD1A906E</generatorID>
<ownerDesignName>CHATBOT_FABIA</ownerDesignName>
<useDomainConstraints>false</useDomainConstraints>
<use>1</use>
<logicalDatatype>LOGDT019</logicalDatatype>
<dataTypePrecision>3</dataTypePrecision>
<ownDataTypeParameters>,,</ownDataTypeParameters>
<previousColumn>false</previousColumn>
<autoIncrementCycle>false</autoIncrementCycle>
<associations>
<colAssociation fkAssociation="83E94B6C-38E5-BEA1-DBC0-1CA7C59A7531" referredColumn="A21C7F04-BD20-5A30-7EAB-939026EE3536"/>
</associations>
</Column>
<Column name="nr_rm" id="DEDE7D43-8ECC-B6A5-B25F-EEEF0FC9ED4C">
<createdBy>Leonard</createdBy>
<createdTime>2019-10-05 16:49:28 UTC</createdTime>
<generatorID>C702A95F-7BFE-A419-652B-173B8F41C4D1</generatorID>
<ownerDesignName>CHATBOT_FABIA</ownerDesignName>
<useDomainConstraints>false</useDomainConstraints>
<use>1</use>
<logicalDatatype>LOGDT019</logicalDatatype>
<dataTypePrecision>5</dataTypePrecision>
<ownDataTypeParameters>,,</ownDataTypeParameters>
<previousColumn>false</previousColumn>
<autoIncrementCycle>false</autoIncrementCycle>
<associations>
<colAssociation fkAssociation="556809F4-F681-60F8-4BFA-D32BF819EDE3" referredColumn="EA8D9205-246F-D112-7F98-6CA5746C64E5"/>
</associations>
</Column>
<Column name="cd_disciplina" id="07012226-A66E-1AA1-D3C3-21A5DA476F19">
<createdBy>Leonard</createdBy>
<createdTime>2019-10-05 16:49:28 UTC</createdTime>
<generatorID>1B96DB72-DC97-2370-68FB-C31A4CD670D4</generatorID>
<ownerDesignName>CHATBOT_FABIA</ownerDesignName>
<useDomainConstraints>false</useDomainConstraints>
<use>1</use>
<logicalDatatype>LOGDT019</logicalDatatype>
<dataTypePrecision>2</dataTypePrecision>
<ownDataTypeParameters>,,</ownDataTypeParameters>
<previousColumn>false</previousColumn>
<autoIncrementCycle>false</autoIncrementCycle>
<associations>
<colAssociation fkAssociation="556809F4-F681-60F8-4BFA-D32BF819EDE3" referredColumn="F6C02CB7-E817-A2C4-8CEE-5A3D215ECC7D"/>
</associations>
</Column>
<Column name="st_status" id="87B06025-06BE-28AE-0255-1822CA45441A">
<createdBy>Leonard</createdBy>
<createdTime>2019-10-05 16:49:28 UTC</createdTime>
<generatorID>5D105756-330D-13B2-732C-D5592E420AF6</generatorID>
<ownerDesignName>CHATBOT_FABIA</ownerDesignName>
<useDomainConstraints>false</useDomainConstraints>
<use>1</use>
<logicalDatatype>LOGDT019</logicalDatatype>
<dataTypePrecision>1</dataTypePrecision>
<ownDataTypeParameters>,1,</ownDataTypeParameters>
<autoIncrementCycle>false</autoIncrementCycle>
</Column>
<Column name="st_progressao" id="A256FB20-10F0-23AD-101D-04B61EE7C738">
<createdBy>Leonard</createdBy>
<createdTime>2019-10-05 16:49:28 UTC</createdTime>
<generatorID>FD0CAF8C-3592-253E-E1F5-8F8ED9E26652</generatorID>
<ownerDesignName>CHATBOT_FABIA</ownerDesignName>
<useDomainConstraints>false</useDomainConstraints>
<use>1</use>
<logicalDatatype>LOGDT019</logicalDatatype>
<dataTypePrecision>3</dataTypePrecision>
<ownDataTypeParameters>,3,</ownDataTypeParameters>
<autoIncrementCycle>false</autoIncrementCycle>
</Column>
</columns>
<indexes itemClass="oracle.dbtools.crest.model.design.relational.Index">
<ind_PK_UK id="A28A40DA-B29F-198C-2D00-304EE75DB82F" name="PK_PROGRESSAO">
<createdBy>Leonard</createdBy>
<createdTime>2019-10-05 16:49:28 UTC</createdTime>
<generatorID>3D3528B6-5B52-7452-4954-A916752EACAE</generatorID>
<ownerDesignName>CHATBOT_FABIA</ownerDesignName>
<pk>true</pk>
<indexState>Primary Constraint</indexState>
<isSurrogateKey>false</isSurrogateKey>
<indexColumnUsage>
<colUsage columnID="FC51FFD7-630D-5353-8C2C-84D4824A298C"/>
<colUsage columnID="DEDE7D43-8ECC-B6A5-B25F-EEEF0FC9ED4C"/>
<colUsage columnID="07012226-A66E-1AA1-D3C3-21A5DA476F19"/>
</indexColumnUsage>
</ind_PK_UK>
<ind_PK_UK id="DA800B41-247B-AF4D-E365-94C64E2BEC14" name="FK_PROG_CONT">
<createdBy>Leonard</createdBy>
<createdTime>2019-10-05 16:49:28 UTC</createdTime>
<generatorID>3760811E-1C57-E611-6CF6-715627112835</generatorID>
<ownerDesignName>CHATBOT_FABIA</ownerDesignName>
<indexState>Foreign Key</indexState>
<isSurrogateKey>false</isSurrogateKey>
<indexColumnUsage>
<colUsage columnID="FC51FFD7-630D-5353-8C2C-84D4824A298C"/>
</indexColumnUsage>
</ind_PK_UK>
<ind_PK_UK id="55251D25-629E-98C1-E27D-18E8532B03A7" name="FK_PROG_MATRIC">
<createdBy>Leonard</createdBy>
<createdTime>2019-10-05 16:49:28 UTC</createdTime>
<generatorID>C8F7C5E1-418C-B36A-01D0-79ACD1B2E9D8</generatorID>
<ownerDesignName>CHATBOT_FABIA</ownerDesignName>
<indexState>Foreign Key</indexState>
<isSurrogateKey>false</isSurrogateKey>
<indexColumnUsage>
<colUsage columnID="DEDE7D43-8ECC-B6A5-B25F-EEEF0FC9ED4C"/>
<colUsage columnID="07012226-A66E-1AA1-D3C3-21A5DA476F19"/>
</indexColumnUsage>
</ind_PK_UK>
</indexes>
</Table>