<?xml version = '1.0' encoding = 'UTF-8'?>
<Table class="oracle.dbtools.crest.model.design.relational.Table" directorySegmentName="seg_0" id="5643CECB-544F-8D71-5B27-1A569D32E137" name="T_CHATBOT_DISCIPLINA">
<createdBy>Leonard</createdBy>
<createdTime>2019-10-05 16:49:28 UTC</createdTime>
<generatorID>A6275559-2148-9D47-29A3-027E63FB9C8D</generatorID>
<ownerDesignName>CHATBOT_FABIA</ownerDesignName>
<allowColumnReorder>false</allowColumnReorder>
<existDependencyGenerateInDDl>true</existDependencyGenerateInDDl>
<parsed>true</parsed>
<columns itemClass="oracle.dbtools.crest.model.design.relational.Column">
<Column name="cd_disciplina" id="CD5370B6-7F12-E057-2861-C8A3616E01A8">
<createdBy>Leonard</createdBy>
<createdTime>2019-10-05 16:49:28 UTC</createdTime>
<generatorID>A7D7F664-121C-7713-77A5-016EDF9FF8CC</generatorID>
<ownerDesignName>CHATBOT_FABIA</ownerDesignName>
<useDomainConstraints>false</useDomainConstraints>
<use>1</use>
<logicalDatatype>LOGDT019</logicalDatatype>
<dataTypePrecision>2</dataTypePrecision>
<ownDataTypeParameters>,2,</ownDataTypeParameters>
<autoIncrementCycle>false</autoIncrementCycle>
</Column>
<Column name="nm_disciplina" id="87301DE0-524F-9464-C830-346550151792">
<createdBy>Leonard</createdBy>
<createdTime>2019-10-05 16:49:28 UTC</createdTime>
<generatorID>7F6C23B7-CE96-66D6-AE35-B02701A0642E</generatorID>
<ownerDesignName>CHATBOT_FABIA</ownerDesignName>
<useDomainConstraints>false</useDomainConstraints>
<use>1</use>
<logicalDatatype>LOGDT024</logicalDatatype>
<dataTypeSize>30</dataTypeSize>
<ownDataTypeParameters>30,,</ownDataTypeParameters>
<autoIncrementCycle>false</autoIncrementCycle>
</Column>
<Column name="st_status" id="8357A238-CAFD-7600-CA37-8D4B0A14EEFA">
<createdBy>Leonard</createdBy>
<createdTime>2019-10-05 16:49:28 UTC</createdTime>
<generatorID>335184D1-73F4-0104-978E-76C84D82BC36</generatorID>
<ownerDesignName>CHATBOT_FABIA</ownerDesignName>
<useDomainConstraints>false</useDomainConstraints>
<use>1</use>
<logicalDatatype>LOGDT019</logicalDatatype>
<dataTypePrecision>1</dataTypePrecision>
<ownDataTypeParameters>,1,</ownDataTypeParameters>
<autoIncrementCycle>false</autoIncrementCycle>
</Column>
</columns>
<indexes itemClass="oracle.dbtools.crest.model.design.relational.Index">
<ind_PK_UK id="7BDC0F76-E973-EFE3-B6F1-685B9EDA3193" name="PK_DISCIPLINA">
<createdBy>Leonard</createdBy>
<createdTime>2019-10-05 16:49:28 UTC</createdTime>
<generatorID>91D1BB59-DF55-C3A2-7CCF-B976A6825D5D</generatorID>
<ownerDesignName>CHATBOT_FABIA</ownerDesignName>
<pk>true</pk>
<indexState>Primary Constraint</indexState>
<isSurrogateKey>false</isSurrogateKey>
<indexColumnUsage>
<colUsage columnID="CD5370B6-7F12-E057-2861-C8A3616E01A8"/>
</indexColumnUsage>
</ind_PK_UK>
<ind_PK_UK id="58D9FA9E-AC5B-2D86-1007-76D8DB6F26A8" name="UN_NM_DISCIPLINA">
<createdBy>Leonard</createdBy>
<createdTime>2019-10-05 16:49:28 UTC</createdTime>
<generatorID>96F0A9D1-A604-7780-2835-62157AD8889E</generatorID>
<ownerDesignName>CHATBOT_FABIA</ownerDesignName>
<indexState>Unique Constraint</indexState>
<isSurrogateKey>false</isSurrogateKey>
<indexColumnUsage>
<colUsage columnID="87301DE0-524F-9464-C830-346550151792"/>
</indexColumnUsage>
</ind_PK_UK>
</indexes>
</Table>