<?xml version = '1.0' encoding = 'UTF-8'?>
<Table class="oracle.dbtools.crest.model.design.relational.Table" directorySegmentName="seg_0" id="DC6FE0B4-C46E-6DB0-3B5E-8D4C70854BA0" name="T_CHATBOT_MATRICULA">
<createdBy>Leonard</createdBy>
<createdTime>2019-10-05 16:49:28 UTC</createdTime>
<generatorID>448DC3C0-AE9B-FE0F-0A60-B88FF8022F94</generatorID>
<ownerDesignName>CHATBOT_FABIA</ownerDesignName>
<allowColumnReorder>false</allowColumnReorder>
<existDependencyGenerateInDDl>true</existDependencyGenerateInDDl>
<parsed>true</parsed>
<columns itemClass="oracle.dbtools.crest.model.design.relational.Column">
<Column name="nr_rm" id="EA8D9205-246F-D112-7F98-6CA5746C64E5">
<createdBy>Leonard</createdBy>
<createdTime>2019-10-05 16:49:28 UTC</createdTime>
<generatorID>AC62A2FF-C0C0-E50E-CC6E-398B9E2387DD</generatorID>
<ownerDesignName>CHATBOT_FABIA</ownerDesignName>
<useDomainConstraints>false</useDomainConstraints>
<use>1</use>
<logicalDatatype>LOGDT019</logicalDatatype>
<dataTypePrecision>5</dataTypePrecision>
<ownDataTypeParameters>,,</ownDataTypeParameters>
<previousColumn>false</previousColumn>
<autoIncrementCycle>false</autoIncrementCycle>
<associations>
<colAssociation fkAssociation="D34F6079-725B-C0D1-6DCE-36E35A5FF1FE" referredColumn="DA31447F-197A-6853-F4D3-9DFAFC672FE1"/>
</associations>
</Column>
<Column name="cd_disciplina" id="F6C02CB7-E817-A2C4-8CEE-5A3D215ECC7D">
<createdBy>Leonard</createdBy>
<createdTime>2019-10-05 16:49:28 UTC</createdTime>
<generatorID>DD72A521-BE12-F9EA-1BA8-1032D6C738E4</generatorID>
<ownerDesignName>CHATBOT_FABIA</ownerDesignName>
<useDomainConstraints>false</useDomainConstraints>
<use>1</use>
<logicalDatatype>LOGDT019</logicalDatatype>
<dataTypePrecision>2</dataTypePrecision>
<ownDataTypeParameters>,,</ownDataTypeParameters>
<previousColumn>false</previousColumn>
<autoIncrementCycle>false</autoIncrementCycle>
<associations>
<colAssociation fkAssociation="37A1737E-F78C-5DF1-06FF-E455B080F6E0" referredColumn="CD5370B6-7F12-E057-2861-C8A3616E01A8"/>
</associations>
</Column>
<Column name="dt_inicio" id="2797C05F-8B6A-275A-7A1C-1DCE8AB4C4A2">
<createdBy>Leonard</createdBy>
<createdTime>2019-10-05 16:49:28 UTC</createdTime>
<generatorID>20D9E8D9-23C0-606B-BF78-978AA128DBF9</generatorID>
<ownerDesignName>CHATBOT_FABIA</ownerDesignName>
<useDomainConstraints>false</useDomainConstraints>
<use>1</use>
<logicalDatatype>LOGDT007</logicalDatatype>
<ownDataTypeParameters>,,</ownDataTypeParameters>
<autoIncrementCycle>false</autoIncrementCycle>
</Column>
<Column name="dt_termino" id="9A0FF2E0-DA22-2CEE-374A-BF830FEEF720">
<createdBy>Leonard</createdBy>
<createdTime>2019-10-05 16:49:28 UTC</createdTime>
<generatorID>D8A90666-91AE-1283-9CCB-57D0F8D41058</generatorID>
<ownerDesignName>CHATBOT_FABIA</ownerDesignName>
<nullsAllowed>true</nullsAllowed>
<useDomainConstraints>false</useDomainConstraints>
<use>1</use>
<logicalDatatype>LOGDT007</logicalDatatype>
<ownDataTypeParameters>,,</ownDataTypeParameters>
<autoIncrementCycle>false</autoIncrementCycle>
</Column>
</columns>
<indexes itemClass="oracle.dbtools.crest.model.design.relational.Index">
<ind_PK_UK id="14F2DDB8-0335-4CD9-A7B4-9452861A076A" name="PK_MATRICULA">
<createdBy>Leonard</createdBy>
<createdTime>2019-10-05 16:49:28 UTC</createdTime>
<generatorID>AF9FE5B0-0F45-80B2-3A57-3A0A1BAC7681</generatorID>
<ownerDesignName>CHATBOT_FABIA</ownerDesignName>
<pk>true</pk>
<indexState>Primary Constraint</indexState>
<isSurrogateKey>false</isSurrogateKey>
<indexColumnUsage>
<colUsage columnID="EA8D9205-246F-D112-7F98-6CA5746C64E5"/>
<colUsage columnID="F6C02CB7-E817-A2C4-8CEE-5A3D215ECC7D"/>
</indexColumnUsage>
</ind_PK_UK>
<ind_PK_UK id="6DF587FD-A853-F505-4EDA-00B2C05E77C8" name="FK_MATRIC_ALUNO">
<createdBy>Leonard</createdBy>
<createdTime>2019-10-05 16:49:28 UTC</createdTime>
<generatorID>076E45F2-7006-C5E8-FE0E-F474589AA24A</generatorID>
<ownerDesignName>CHATBOT_FABIA</ownerDesignName>
<indexState>Foreign Key</indexState>
<isSurrogateKey>false</isSurrogateKey>
<indexColumnUsage>
<colUsage columnID="EA8D9205-246F-D112-7F98-6CA5746C64E5"/>
</indexColumnUsage>
</ind_PK_UK>
<ind_PK_UK id="70795C74-011F-297D-D1F6-8E62D468447E" name="FK_MATRIC_DISC">
<createdBy>Leonard</createdBy>
<createdTime>2019-10-05 16:49:28 UTC</createdTime>
<generatorID>CE6F5CB3-BF98-1775-D93F-E85A855B6292</generatorID>
<ownerDesignName>CHATBOT_FABIA</ownerDesignName>
<indexState>Foreign Key</indexState>
<isSurrogateKey>false</isSurrogateKey>
<indexColumnUsage>
<colUsage columnID="F6C02CB7-E817-A2C4-8CEE-5A3D215ECC7D"/>
</indexColumnUsage>
</ind_PK_UK>
</indexes>
<tableCheckConstraints itemClass="oracle.dbtools.crest.model.design.constraint.TableLevelConstraint">
<tableCheckConstraint name="CK_MATRIC_DATA" directorySegmentName="seg_0" id="7D9781C4-0BB9-F861-B38A-8E29E1869810">
<createdBy>Leonard</createdBy>
<createdTime>2019-10-05 16:57:54 UTC</createdTime>
<ownerDesignName>CHATBOT_FABIA</ownerDesignName>
<rule><![CDATA[DT_TERMINO > DT_INICIO]]></rule>
</tableCheckConstraint>
</tableCheckConstraints>
</Table>